"TIME_STEP","P_Event","Turbidity","Verified_OW_Event_Alarm"
"2024-10-06 13:45:00",0,3.2,0
"2024-10-06 14:00:00",0,3.2,0
"2024-10-06 14:15:00",0,3.2,0
"2024-10-06 14:30:00",0,3.2,0
"2024-10-06 14:45:00",0,2.8,0
"2024-10-06 15:00:00",0,2.9,0
"2024-10-06 15:15:00",0,3.2,0
"2024-10-06 15:30:00",0,3.3,0
"2024-10-06 15:45:00",0,3.5,0
"2024-10-06 16:00:00",0,3.2,0
"2024-10-06 16:15:00",0,3.2,0
"2024-10-06 16:30:00",0,3.1,0
"2024-10-06 16:45:00",0,3.5,0
"2024-10-06 17:00:00",0,3.4,0
"2024-10-06 17:15:00",0,2.9,0
"2024-10-06 17:30:00",0,3,0
"2024-10-06 17:45:00",0,2.9,0
"2024-10-06 18:00:00",0,3.1,0
"2024-10-06 18:15:00",0,3.1,0
"2024-10-06 18:30:00",0,2.7,0
"2024-10-06 18:45:00",0,3.1,0
"2024-10-06 19:00:00",0,2.8,0
"2024-10-06 19:15:00",0,2.9,0
"2024-10-06 19:30:00",0,2.5,0
"2024-10-06 19:45:00",0,2.8,0
"2024-10-06 20:00:00",0,2.6,0
"2024-10-06 20:15:00",0,2.8,0
"2024-10-06 20:30:00",0,2.8,0
"2024-10-06 20:45:00",0,2.8,0
"2024-10-06 21:00:00",0,2.7,0
"2024-10-06 21:15:00",0,3,0
"2024-10-06 21:30:00",0,2.7,0
"2024-10-06 21:45:00",0,2.7,0
"2024-10-06 22:00:00",0,2.6,0
"2024-10-06 22:15:00",0,2.6,0
"2024-10-06 22:30:00",0,2.6,0
"2024-10-06 22:45:00",0,2.3,0
"2024-10-06 23:00:00",0,2.7,0
"2024-10-06 23:15:00",0,2.7,0
"2024-10-06 23:30:00",0,2.5,0
"2024-10-06 23:45:00",0.000977,2.6,0
"2024-10-07 00:00:00",0.000977,2.5,0
"2024-10-07 00:15:00",0.010742,4.3,0
"2024-10-07 00:30:00",0.010742,2.6,0
"2024-10-07 00:45:00",0.010742,2.6,0
"2024-10-07 01:00:00",0.010742,2.5,0
"2024-10-07 01:15:00",0.010742,2.7,0
"2024-10-07 01:30:00",0.010742,2.6,0
"2024-10-07 01:45:00",0.010742,2.6,0
"2024-10-07 02:00:00",0.010742,2.5,0
"2024-10-07 02:15:00",0.010742,2.6,0
"2024-10-07 02:30:00",0.010742,2.6,0
"2024-10-07 02:45:00",0.000977,2.6,0
"2024-10-07 03:00:00",0.000977,2.7,0
"2024-10-07 03:15:00",0.000977,2.5,0
"2024-10-07 03:30:00",0.000977,2.8,0
"2024-10-07 03:45:00",0.000977,2.6,0
"2024-10-07 04:00:00",0.000977,2.8,0
"2024-10-07 04:15:00",0.000977,2.6,0
"2024-10-07 04:30:00",0.000977,2.6,0
"2024-10-07 04:45:00",0.000977,2.8,0
"2024-10-07 05:00:00",0.000977,2.8,0
"2024-10-07 05:15:00",0.000977,2.7,0
"2024-10-07 05:30:00",0.000977,2.8,0
"2024-10-07 05:45:00",0.000977,2.8,0
"2024-10-07 06:00:00",0.000977,2.8,0
"2024-10-07 06:15:00",0.010742,2.9,0
"2024-10-07 06:30:00",0.054687,3.5,0
"2024-10-07 06:45:00",0.171875,2.9,0
"2024-10-07 07:00:00",0.376953,2.9,0
"2024-10-07 07:15:00",0.623047,2.9,0
"2024-10-07 07:30:00",0.828125,3.1,0
"2024-10-07 07:45:00",0.828125,2.8,0
"2024-10-07 08:00:00",0.945313,3,0
"2024-10-07 08:15:00",0.989258,3.1,0
"2024-10-07 08:30:00",0.999023,2.9,0
"2024-10-07 08:45:00",0.999023,2.9,0
"2024-10-07 09:00:00",0.999023,3,0
"2024-10-07 09:15:00",0.999023,2.9,0
"2024-10-07 09:30:00",0.999023,3.1,0
"2024-10-07 09:45:00",0.999023,3.4,0
"2024-10-07 10:00:00",0.999023,3.1,0
"2024-10-07 10:15:00",1,3,0
"2024-10-07 10:30:00",1,3.1,0
"2024-10-07 10:45:00",1,3.8,0
"2024-10-07 11:00:00",1,3.2,0
"2024-10-07 11:15:00",1,3.1,0
"2024-10-07 11:30:00",1,3.5,0
"2024-10-07 11:45:00",1,3.2,0
"2024-10-07 12:00:00",1,3.1,0
"2024-10-07 12:15:00",1,3.8,0
"2024-10-07 12:30:00",1,3.2,0
"2024-10-07 12:45:00",1,3.2,0
"2024-10-07 13:00:00",1,3.1,0
"2024-10-07 13:15:00",0.010742,2.9,0
"2024-10-07 13:30:00",0.054687,3.1,0
"2024-10-07 13:45:00",0.171875,3.7,0
"2024-10-07 14:00:00",0.376953,3.4,0
"2024-10-07 14:15:00",0.623047,3,0
"2024-10-07 14:30:00",0.828125,3.2,0
"2024-10-07 14:45:00",0.945313,3.6,0
"2024-10-07 15:00:00",0.989258,2.9,0
"2024-10-07 15:15:00",0.999023,3,0
"2024-10-07 15:30:00",1,3,0
"2024-10-07 15:45:00",1,2.9,0
"2024-10-07 16:00:00",1,3,0
"2024-10-07 16:15:00",1,3,0
"2024-10-07 16:30:00",1,2.9,0
"2024-10-07 16:45:00",1,3.1,0
"2024-10-07 17:00:00",1,3,0
"2024-10-07 17:15:00",1,3.1,0
"2024-10-07 17:30:00",1,3,0
"2024-10-07 17:45:00",1,2.8,0
"2024-10-07 18:00:00",1,2.8,0
"2024-10-07 18:15:00",1,2.8,0
"2024-10-07 18:30:00",0.000977,2.8,0
"2024-10-07 18:45:00",0.000977,2.8,0
"2024-10-07 19:00:00",0.000977,2.8,0
"2024-10-07 19:15:00",0.010742,3.3,0
"2024-10-07 19:30:00",0.054687,3.4,0
"2024-10-07 19:45:00",0.054687,3.2,0
"2024-10-07 20:00:00",0.054687,3.1,0
"2024-10-07 20:15:00",0.054687,3.3,0
"2024-10-07 20:30:00",0.054687,2.9,0
"2024-10-07 20:45:00",0.054687,2.8,0
"2024-10-07 21:00:00",0.054687,3.3,0
"2024-10-07 21:15:00",0.054687,2.9,0
"2024-10-07 21:30:00",0.054687,2.7,0
"2024-10-07 21:45:00",0.010742,2.8,0
"2024-10-07 22:00:00",0.010742,2.5,0
"2024-10-07 22:15:00",0.010742,2.8,0
"2024-10-07 22:30:00",0.010742,2.8,0
"2024-10-07 22:45:00",0.010742,2.8,0
"2024-10-07 23:00:00",0.054687,2.7,0
"2024-10-07 23:15:00",0.171875,150.5,1
"2024-10-07 23:30:00",0.376953,8.8,1
"2024-10-07 23:45:00",0.623047,5.2,1
"2024-10-08 00:00:00",0.828125,105.5,1
"2024-10-08 00:15:00",0.945313,89.2,1
"2024-10-08 00:30:00",0.945313,20,1
"2024-10-08 00:45:00",0.989258,11.2,1
"2024-10-08 01:00:00",0.999023,4.9,1
"2024-10-08 01:15:00",1,542.6,1
"2024-10-08 01:30:00",1,6.8,1
"2024-10-08 01:45:00",1,5.6,1
"2024-10-08 02:00:00",1,5.4,1
"2024-10-08 02:15:00",1,79.8,1
"2024-10-08 02:30:00",1,6,1
"2024-10-08 02:45:00",1,110.1,1
"2024-10-08 03:00:00",1,2.8,0
"2024-10-08 03:15:00",1,2.9,0
"2024-10-08 03:30:00",1,2.8,0
"2024-10-08 03:45:00",1,2.9,0
"2024-10-08 04:00:00",1,2.6,0
"2024-10-08 04:15:00",0.000977,2.9,0
"2024-10-08 04:30:00",0.000977,2.8,0
"2024-10-08 04:45:00",0.000977,2.8,0
"2024-10-08 05:00:00",0.000977,2.8,0
"2024-10-08 05:15:00",0.000977,2.8,0
"2024-10-08 05:30:00",0.000977,2.9,0
"2024-10-08 05:45:00",0.000977,2.8,0
"2024-10-08 06:00:00",0.000977,2.8,0
"2024-10-08 06:15:00",0.000977,2.9,0
"2024-10-08 06:30:00",0.000977,2.9,0
"2024-10-08 06:45:00",0.000977,2.9,0
"2024-10-08 07:00:00",0.000977,3,0
"2024-10-08 07:15:00",0.000977,2.9,0
"2024-10-08 07:30:00",0.000977,3,0
"2024-10-08 07:45:00",0.000977,3,0
"2024-10-08 08:00:00",0.000977,2.8,0
"2024-10-08 08:15:00",0.000977,3.2,0
"2024-10-08 08:30:00",0.000977,2.9,0
"2024-10-08 08:45:00",0.000977,2.9,0
"2024-10-08 09:00:00",0.000977,3.1,0
"2024-10-08 09:15:00",0.000977,3.4,0
"2024-10-08 09:30:00",0.000977,3.4,0
"2024-10-08 09:45:00",0.000977,3.3,0
"2024-10-08 10:00:00",0.000977,3.3,0
"2024-10-08 10:15:00",0.000977,3.6,0
"2024-10-08 10:30:00",0.000977,3.4,0
"2024-10-08 10:45:00",0.000977,3.2,0
"2024-10-08 11:00:00",0.000977,2.7,0
"2024-10-08 11:15:00",0.000977,3.3,0
"2024-10-08 11:30:00",0.000977,3.2,0
"2024-10-08 11:45:00",0.000977,2.9,0
"2024-10-08 12:00:00",0.000977,2.9,0
"2024-10-08 12:15:00",0.000977,3.1,0
"2024-10-08 12:30:00",0.000977,2.9,0
"2024-10-08 12:45:00",0.000977,2.8,0
"2024-10-08 13:00:00",0.000977,3.1,0
"2024-10-08 13:15:00",0.010742,2.6,0
"2024-10-08 13:30:00",0.010742,2.8,0
"2024-10-08 13:45:00",0.010742,2.9,0
"2024-10-08 14:00:00",0.010742,2.9,0
"2024-10-08 14:15:00",0.010742,2.9,0
"2024-10-08 14:30:00",0.010742,2.9,0
"2024-10-08 14:45:00",0.054687,2.8,0
"2024-10-08 15:00:00",0.171875,2.9,0
"2024-10-08 15:15:00",0.376953,4.2,0
"2024-10-08 15:30:00",0.623047,2.9,0
"2024-10-08 15:45:00",0.623047,2.8,0
"2024-10-08 16:00:00",0.828125,2.8,0
"2024-10-08 16:15:00",0.945313,3,0
"2024-10-08 16:30:00",0.989258,2.9,0
"2024-10-08 16:45:00",0.999023,2.9,0
"2024-10-08 17:00:00",1,2.7,0
"2024-10-08 17:15:00",1,2.8,0
"2024-10-08 17:30:00",1,2.8,0
"2024-10-08 17:45:00",1,3.4,0
"2024-10-08 18:00:00",1,2.9,0
"2024-10-08 18:15:00",1,2.7,0
"2024-10-08 18:30:00",1,2.9,0
"2024-10-08 18:45:00",1,2.8,0
"2024-10-08 19:00:00",1,2.8,0
"2024-10-08 19:15:00",1,2.8,0
"2024-10-08 19:30:00",1,2.9,0
"2024-10-08 19:45:00",1,2.6,0
"2024-10-08 20:00:00",0.000977,2.8,0
"2024-10-08 20:15:00",0.000977,3.1,0
"2024-10-08 20:30:00",0.000977,2.7,0
"2024-10-08 20:45:00",0.000977,2.7,0
"2024-10-08 21:00:00",0.000977,2.9,0
"2024-10-08 21:15:00",0.000977,2.7,0
"2024-10-08 21:30:00",0.000977,2.8,0
"2024-10-08 21:45:00",0.000977,2.4,0
"2024-10-08 22:00:00",0.000977,2.7,0
"2024-10-08 22:15:00",0.000977,2.7,0
"2024-10-08 22:30:00",0.000977,2.8,0
"2024-10-08 22:45:00",0.000977,2.9,0
"2024-10-08 23:00:00",0.000977,2.8,0
"2024-10-08 23:15:00",0.000977,2.9,0
"2024-10-08 23:30:00",0.000977,2.7,0
"2024-10-08 23:45:00",0.000977,2.9,0
"2024-10-09 00:00:00",0.000977,2.8,0
"2024-10-09 00:15:00",0.000977,2.8,0
"2024-10-09 00:30:00",0.000977,3,0
"2024-10-09 00:45:00",0.000977,2.9,0
"2024-10-09 01:00:00",0.010742,2.9,0
"2024-10-09 01:15:00",0.054687,3.2,0
"2024-10-09 01:30:00",0.171875,2.9,0
"2024-10-09 01:45:00",0.376953,3,0
"2024-10-09 02:00:00",0.623047,3.2,0
"2024-10-09 02:15:00",0.828125,3.2,0
"2024-10-09 02:30:00",0.945313,3,0
"2024-10-09 02:45:00",0.989258,3.4,0
"2024-10-09 03:00:00",0.999023,3.1,0
"2024-10-09 03:15:00",1,3.3,0
"2024-10-09 03:30:00",1,3.3,0
"2024-10-09 03:45:00",1,3.2,0
"2024-10-09 04:00:00",1,3.4,0
"2024-10-09 04:15:00",1,3.6,0
"2024-10-09 04:30:00",1,3.4,0
"2024-10-09 04:45:00",1,3.4,0
"2024-10-09 05:00:00",1,3.4,0
"2024-10-09 05:15:00",1,3.9,0
"2024-10-09 05:30:00",1,3.7,0
"2024-10-09 05:45:00",1,3.9,0
"2024-10-09 06:00:00",1,3.4,0
"2024-10-09 06:15:00",0.000977,3.5,0
"2024-10-09 06:30:00",0.000977,3.6,0
"2024-10-09 06:45:00",0.000977,3.7,0
"2024-10-09 07:00:00",0.000977,3.3,0
"2024-10-09 07:15:00",0.000977,3.6,0
"2024-10-09 07:30:00",0.000977,3.6,0
"2024-10-09 07:45:00",0.000977,3.3,0
"2024-10-09 08:00:00",0.000977,3.5,0
"2024-10-09 08:15:00",0.000977,4,0
"2024-10-09 08:30:00",0.000977,3.5,0
"2024-10-09 08:45:00",0.000977,3.7,0
"2024-10-09 09:00:00",0.000977,4.2,0
"2024-10-09 09:15:00",0.010742,4.3,0
"2024-10-09 09:30:00",0.054687,3.9,0
"2024-10-09 09:45:00",0.054687,3.6,0
"2024-10-09 10:00:00",0.054687,4.2,0
"2024-10-09 10:15:00",0.054687,3.5,0
"2024-10-09 10:30:00",0.054687,3.7,0
"2024-10-09 10:45:00",0.054687,3.6,0
"2024-10-09 11:00:00",0.054687,4.3,0
"2024-10-09 11:15:00",0.171875,3.6,0
"2024-10-09 11:30:00",0.171875,3.9,0
"2024-10-09 11:45:00",0.054687,3.5,0
"2024-10-09 12:00:00",0.010742,3.6,0
"2024-10-09 12:15:00",0.010742,3.6,0
"2024-10-09 12:30:00",0.010742,3.4,0
"2024-10-09 12:45:00",0.010742,4.7,0
"2024-10-09 13:00:00",0.054687,3.9,0
"2024-10-09 13:15:00",0.054687,3.6,0
"2024-10-09 13:30:00",0.054687,4,0
"2024-10-09 13:45:00",0.010742,3.2,0
"2024-10-09 14:00:00",0.054687,3.4,0
"2024-10-09 14:15:00",0.054687,3.2,0
"2024-10-09 14:30:00",0.171875,3.2,0
"2024-10-09 14:45:00",0.376953,3.2,0
"2024-10-09 15:00:00",0.623047,3.2,0
"2024-10-09 15:15:00",0.828125,3.5,0
"2024-10-09 15:30:00",0.828125,3.3,0
"2024-10-09 15:45:00",0.945313,2.9,0
"2024-10-09 16:00:00",0.989258,3.4,0
"2024-10-09 16:15:00",0.999023,3.2,0
"2024-10-09 16:30:00",0.999023,3.1,0
"2024-10-09 16:45:00",1,3.2,0
"2024-10-09 17:00:00",1,3.5,0
"2024-10-09 17:15:00",1,3.4,0
"2024-10-09 17:30:00",0.999023,3.4,0
"2024-10-09 17:45:00",0.989258,3,0
"2024-10-09 18:00:00",0.989258,3.2,0
"2024-10-09 18:15:00",0.945313,3.1,0
"2024-10-09 18:30:00",0.945313,3.4,0
"2024-10-09 18:45:00",0.828125,3.1,0
"2024-10-09 19:00:00",0.623047,3,0
"2024-10-09 19:15:00",0.376953,3.1,0
"2024-10-09 19:30:00",0.171875,3.2,0
"2024-10-09 19:45:00",0.054687,3.4,0
"2024-10-09 20:00:00",0.054687,3.2,0
"2024-10-09 20:15:00",0.054687,3.1,0
"2024-10-09 20:30:00",0.010742,3.1,0
"2024-10-09 20:45:00",0.010742,3.2,0
"2024-10-09 21:00:00",0.000977,3.4,0
"2024-10-09 21:15:00",0.000977,3.2,0
"2024-10-09 21:30:00",0.000977,3.5,0
"2024-10-09 21:45:00",0.000977,3.2,0
"2024-10-09 22:00:00",0.000977,3.3,0
"2024-10-09 22:15:00",0.000977,3.2,0
"2024-10-09 22:30:00",0.000977,3.4,0
"2024-10-09 22:45:00",0.000977,3.3,0
"2024-10-09 23:00:00",0.000977,3.3,0
"2024-10-09 23:15:00",0.000977,3.2,0
"2024-10-09 23:30:00",0.000977,3.2,0
"2024-10-09 23:45:00",0.000977,3.5,0
"2024-10-10 00:00:00",0.000977,3.4,0
"2024-10-10 00:15:00",0.000977,3.5,0
"2024-10-10 00:30:00",0.000977,3.4,0
"2024-10-10 00:45:00",0.000977,3.5,0
"2024-10-10 01:00:00",0.000977,3.2,0
"2024-10-10 01:15:00",0.000977,3.3,0
"2024-10-10 01:30:00",0.000977,3.2,0
"2024-10-10 01:45:00",0.000977,3.5,0
"2024-10-10 02:00:00",0.000977,3.4,0
"2024-10-10 02:15:00",0.000977,3.4,0
"2024-10-10 02:30:00",0.000977,9.3,0
"2024-10-10 02:45:00",0.010742,3.4,0
"2024-10-10 03:00:00",0.010742,3.8,0
"2024-10-10 03:15:00",0.054687,3.6,0
"2024-10-10 03:30:00",0.054687,3.7,0
"2024-10-10 03:45:00",0.054687,3.6,0
"2024-10-10 04:00:00",0.054687,3.4,0
"2024-10-10 04:15:00",0.054687,3.7,0
"2024-10-10 04:30:00",0.171875,3.6,0
"2024-10-10 04:45:00",0.376953,3.4,0
"2024-10-10 05:00:00",0.376953,3.4,0
"2024-10-10 05:15:00",0.171875,3.6,0
"2024-10-10 05:30:00",0.171875,3.6,0
"2024-10-10 05:45:00",0.054687,3.5,0
"2024-10-10 06:00:00",0.054687,3.6,0
"2024-10-10 06:15:00",0.054687,3.7,0
"2024-10-10 06:30:00",0.054687,3.6,0
"2024-10-10 06:45:00",0.054687,3.7,0
"2024-10-10 07:00:00",0.010742,3.6,0
"2024-10-10 07:15:00",0.000977,3.7,0
"2024-10-10 07:30:00",0.000977,3.7,0
"2024-10-10 07:45:00",0.000977,3.6,0
"2024-10-10 08:00:00",0.000977,3.6,0
"2024-10-10 08:15:00",0.000977,3.9,0
"2024-10-10 08:30:00",0.010742,7.5,0
"2024-10-10 08:45:00",0.054687,3.7,0
"2024-10-10 09:00:00",0.054687,3.6,0
"2024-10-10 09:15:00",0.054687,3.7,0
"2024-10-10 09:30:00",0.054687,3.9,0
"2024-10-10 09:45:00",0.171875,3.9,0
"2024-10-10 10:00:00",0.376953,3.6,0
"2024-10-10 10:15:00",0.376953,3.6,0
"2024-10-10 10:30:00",0.376953,4.5,0
"2024-10-10 10:45:00",0.623047,3.6,0
"2024-10-10 11:00:00",0.376953,3.7,0
"2024-10-10 11:15:00",0.171875,3.6,0
"2024-10-10 11:30:00",0.171875,3.6,0
"2024-10-10 11:45:00",0.171875,4.6,0
"2024-10-10 12:00:00",0.376953,3.6,0
"2024-10-10 12:15:00",0.171875,3.7,0
"2024-10-10 12:30:00",0.054687,3.4,0
"2024-10-10 12:45:00",0.171875,3.4,0
"2024-10-10 13:00:00",0.376953,3.1,0
"2024-10-10 13:15:00",0.376953,8.7,0
"2024-10-10 13:30:00",0.623047,3.2,0
"2024-10-10 13:45:00",0.828125,3.3,0
"2024-10-10 14:00:00",0.945313,3.2,0
"2024-10-10 14:15:00",0.989258,3.4,0
"2024-10-10 14:30:00",0.989258,3.3,0
"2024-10-10 14:45:00",0.999023,3.2,0
"2024-10-10 15:00:00",1,3.1,0
"2024-10-10 15:15:00",1,3.2,0
"2024-10-10 15:30:00",1,3.1,0
"2024-10-10 15:45:00",1,3.1,0
"2024-10-10 16:00:00",1,3.3,0
"2024-10-10 16:15:00",1,2.9,0
"2024-10-10 16:30:00",1,3.1,0
"2024-10-10 16:45:00",1,2.9,0
"2024-10-10 17:00:00",1,3.6,0
"2024-10-10 17:15:00",1,3.1,0
"2024-10-10 17:30:00",1,3,0
"2024-10-10 17:45:00",1,3.7,0
"2024-10-10 18:00:00",0.000977,3.2,0
"2024-10-10 18:15:00",0.010742,3,0
"2024-10-10 18:30:00",0.054687,3.4,0
"2024-10-10 18:45:00",0.171875,3.1,0
"2024-10-10 19:00:00",0.376953,2.9,0
"2024-10-10 19:15:00",0.623047,2.9,0
"2024-10-10 19:30:00",0.828125,3.1,0
"2024-10-10 19:45:00",0.945313,3.1,0
"2024-10-10 20:00:00",0.989258,6.9,0
"2024-10-10 20:15:00",0.999023,3.1,0
"2024-10-10 20:30:00",1,3.2,0
"2024-10-10 20:45:00",1,3.1,0
"2024-10-10 21:00:00",1,3.2,0
"2024-10-10 21:15:00",1,3,0
"2024-10-10 21:30:00",1,5.3,0
"2024-10-10 21:45:00",1,3.3,0
"2024-10-10 22:00:00",1,3.1,0
"2024-10-10 22:15:00",1,3.1,0
"2024-10-10 22:30:00",1,3.1,0
"2024-10-10 22:45:00",1,3.2,0
"2024-10-10 23:00:00",1,3.2,0
"2024-10-10 23:15:00",1,3.2,0
"2024-10-10 23:30:00",0.000977,3.7,0
"2024-10-10 23:45:00",0.000977,3.2,0
"2024-10-11 00:00:00",0.000977,3.6,0
"2024-10-11 00:15:00",0.000977,6.2,0
"2024-10-11 00:30:00",0.010742,3.4,0
"2024-10-11 00:45:00",0.010742,5.1,0
"2024-10-11 01:00:00",0.054687,10,0
"2024-10-11 01:15:00",0.171875,24.5,1
"2024-10-11 01:30:00",0.376953,31.4,1
"2024-10-11 01:45:00",0.623047,20.3,1
"2024-10-11 02:00:00",0.828125,14.2,1
"2024-10-11 02:15:00",0.945313,6.2,1
"2024-10-11 02:30:00",0.989258,4.7,1
"2024-10-11 02:45:00",0.999023,8,1
"2024-10-11 03:00:00",0.999023,4.7,1
"2024-10-11 03:15:00",1,6.6,1
"2024-10-11 03:30:00",1,15.6,1
"2024-10-11 03:45:00",1,162.3,1
"2024-10-11 04:00:00",1,33.9,1
"2024-10-11 04:15:00",1,134.1,1
"2024-10-11 04:30:00",1,133.8,1
"2024-10-11 04:45:00",1,201.8,1
"2024-10-11 05:00:00",1,202.8,1
"2024-10-11 05:15:00",1,105.4,1
"2024-10-11 05:30:00",1,211.1,1
"2024-10-11 05:45:00",1,121.6,1
"2024-10-11 06:00:00",1,152.5,1
"2024-10-11 06:15:00",0.000977,139.2,1
"2024-10-11 06:30:00",0.000977,77.3,1
"2024-10-11 06:45:00",0.000977,99.1,1
"2024-10-11 07:00:00",0.000977,68.5,1
"2024-10-11 07:15:00",0.000977,54.9,1
"2024-10-11 07:30:00",0.000977,104.6,1
"2024-10-11 07:45:00",0.000977,72.3,1
"2024-10-11 08:00:00",0.000977,74.4,1
"2024-10-11 08:15:00",0.000977,62.4,1
"2024-10-11 08:30:00",0.000977,181.2,1
"2024-10-11 08:45:00",0.000977,219.3,1
"2024-10-11 09:00:00",0.000977,211.9,1
"2024-10-11 09:15:00",0.000977,175.3,1
"2024-10-11 09:30:00",0.000977,91.5,1
"2024-10-11 09:45:00",0.000977,212.3,1
"2024-10-11 10:00:00",0.000977,212.9,1
"2024-10-11 10:15:00",0.000977,125.3,1
"2024-10-11 10:30:00",0.000977,98.7,1
"2024-10-11 10:45:00",0.000977,52.4,1
"2024-10-11 11:00:00",0.000977,47.1,1
"2024-10-11 11:15:00",0.000977,97.1,1
"2024-10-11 11:30:00",0.000977,117.3,1
"2024-10-11 11:45:00",0.000977,118.3,1
"2024-10-11 12:00:00",0.000977,103.1,1
"2024-10-11 12:15:00",0.010742,87.2,1
"2024-10-11 12:30:00",0.054687,136.7,1
"2024-10-11 12:45:00",0.171875,46.2,1
"2024-10-11 13:00:00",0.376953,137.6,1
"2024-10-11 13:15:00",0.623047,65,1
"2024-10-11 13:30:00",0.828125,144.4,1
"2024-10-11 13:45:00",0.945313,101.9,1
"2024-10-11 14:00:00",0.989258,133.1,1
"2024-10-11 14:15:00",0.999023,83,1
"2024-10-11 14:30:00",1,170.3,1
"2024-10-11 14:45:00",1,31.8,1
"2024-10-11 15:00:00",1,101.8,1
"2024-10-11 15:15:00",1,64.2,1
"2024-10-11 15:30:00",1,56.9,1
"2024-10-11 15:45:00",1,141,1
"2024-10-11 16:00:00",1,85.1,1
"2024-10-11 16:15:00",1,70,1
"2024-10-11 16:30:00",1,98.8,1
"2024-10-11 16:45:00",1,73.3,1
"2024-10-11 17:00:00",1,58.1,1
"2024-10-11 17:15:00",1,85,1
"2024-10-11 17:30:00",0.000977,87,1
"2024-10-11 17:45:00",0.000977,94.1,1
"2024-10-11 18:00:00",0.000977,75.5,1
"2024-10-11 18:15:00",0.000977,129.9,1
"2024-10-11 18:30:00",0.000977,73,1
"2024-10-11 18:45:00",0.000977,22.1,1
"2024-10-11 19:00:00",0.000977,79.9,1
"2024-10-11 19:15:00",0.000977,64.5,1
"2024-10-11 19:30:00",0.000977,38.4,1
"2024-10-11 19:45:00",0.000977,63.1,1
"2024-10-11 20:00:00",0.000977,104.4,1
"2024-10-11 20:15:00",0.000977,97.6,1
"2024-10-11 20:30:00",0.000977,108.5,1
"2024-10-11 20:45:00",0.000977,113.4,1
"2024-10-11 21:00:00",0.000977,66.3,1
"2024-10-11 21:15:00",0.000977,112.4,1
"2024-10-11 21:30:00",0.000977,115.6,1
"2024-10-11 21:45:00",0.000977,152.2,1
"2024-10-11 22:00:00",0.000977,99.6,1
"2024-10-11 22:15:00",0.000977,164.5,1
"2024-10-11 22:30:00",0.000977,92.7,1
"2024-10-11 22:45:00",0.000977,77.1,1
"2024-10-11 23:00:00",0.010742,160.3,1
"2024-10-11 23:15:00",0.010742,117.4,1
"2024-10-11 23:30:00",0.010742,101.3,1
"2024-10-11 23:45:00",0.010742,89.1,1
"2024-10-12 00:00:00",0.010742,122.9,1
"2024-10-12 00:15:00",0.010742,114.6,1
"2024-10-12 00:30:00",0.010742,120.4,1
"2024-10-12 00:45:00",0.010742,145.5,1
"2024-10-12 01:00:00",0.010742,138,1
"2024-10-12 01:15:00",0.010742,70.5,1
"2024-10-12 01:30:00",0.000977,115.6,1
"2024-10-12 01:45:00",0.000977,92.2,1
"2024-10-12 02:00:00",0.000977,161.3,1
"2024-10-12 02:15:00",0.010742,180.3,1
"2024-10-12 02:30:00",0.054687,127.8,1
"2024-10-12 02:45:00",0.171875,179.7,1
"2024-10-12 03:00:00",0.376953,149,1
"2024-10-12 03:15:00",0.623047,210.9,1
"2024-10-12 03:30:00",0.828125,262,1
"2024-10-12 03:45:00",0.945313,188.7,1
"2024-10-12 04:00:00",0.989258,214.4,1
"2024-10-12 04:15:00",0.999023,245.4,1
"2024-10-12 04:30:00",1,146.6,1
"2024-10-12 04:45:00",1,292.2,1
"2024-10-12 05:00:00",1,251.7,1
"2024-10-12 05:15:00",1,291.2,1
"2024-10-12 05:30:00",1,195.3,1
"2024-10-12 05:45:00",1,176.2,1
"2024-10-12 06:00:00",1,225.5,1
"2024-10-12 06:15:00",1,341.7,1
"2024-10-12 06:30:00",1,309.3,1
"2024-10-12 06:45:00",1,307.9,1
"2024-10-12 07:00:00",1,301.5,1
"2024-10-12 07:15:00",1,334.4,1
"2024-10-12 07:30:00",0.000977,265.6,1
"2024-10-12 07:45:00",0.000977,266.1,1
"2024-10-12 08:00:00",0.000977,268.9,1
"2024-10-12 08:15:00",0.000977,239.7,1
"2024-10-12 08:30:00",0.000977,209.5,1
"2024-10-12 08:45:00",0.000977,223.3,1
"2024-10-12 09:00:00",0.000977,222.2,1
"2024-10-12 09:15:00",0.000977,240.6,1
"2024-10-12 09:30:00",0.000977,325.3,1
"2024-10-12 09:45:00",0.000977,341.6,1
"2024-10-12 10:00:00",0.000977,199.7,1
"2024-10-12 10:15:00",0.000977,267.6,1
"2024-10-12 10:30:00",0.000977,223.7,1
"2024-10-12 10:45:00",0.000977,188,1
"2024-10-12 11:00:00",0.000977,269.1,1
"2024-10-12 11:15:00",0.000977,206.1,1
"2024-10-12 11:30:00",0.000977,170.9,1
"2024-10-12 11:45:00",0.000977,143.9,1
"2024-10-12 12:00:00",0.000977,173.8,1
"2024-10-12 12:15:00",0.010742,147,1
"2024-10-12 12:30:00",0.054687,196.7,1
"2024-10-12 12:45:00",0.171875,160.8,1
"2024-10-12 13:00:00",0.376953,204.7,1
"2024-10-12 13:15:00",0.623047,153.2,1
"2024-10-12 13:30:00",0.828125,118.2,1
"2024-10-12 13:45:00",0.945313,180.6,1
"2024-10-12 14:00:00",0.989258,175.9,1
"2024-10-12 14:15:00",0.999023,153.9,1
"2024-10-12 14:30:00",1,170.5,1
"2024-10-12 14:45:00",1,172.9,1
"2024-10-12 15:00:00",1,239.6,1
"2024-10-12 15:15:00",1,249.4,1
"2024-10-12 15:30:00",1,247.6,1
"2024-10-12 15:45:00",1,184.5,1
"2024-10-12 16:00:00",1,194.8,1
"2024-10-12 16:15:00",1,200.7,1
"2024-10-12 16:30:00",1,218.3,1
"2024-10-12 16:45:00",1,172.1,1
"2024-10-12 17:00:00",1,132.8,1
"2024-10-12 17:15:00",1,307,1
"2024-10-12 17:30:00",0.010742,209.2,1
"2024-10-12 17:45:00",0.010742,151.7,1
"2024-10-12 18:00:00",0.010742,174,1
"2024-10-12 18:15:00",0.010742,101.4,1
"2024-10-12 18:30:00",0.054687,116.2,1
"2024-10-12 18:45:00",0.171875,198.2,1
"2024-10-12 19:00:00",0.171875,131.4,1
"2024-10-12 19:15:00",0.171875,207.7,1
"2024-10-12 19:30:00",0.171875,143.9,1
"2024-10-12 19:45:00",0.171875,159.1,1
"2024-10-12 20:00:00",0.054687,197.9,1
"2024-10-12 20:15:00",0.054687,161.3,1
"2024-10-12 20:30:00",0.054687,178.1,1
"2024-10-12 20:45:00",0.054687,219.5,1
"2024-10-12 21:00:00",0.010742,202.6,1
"2024-10-12 21:15:00",0.000977,222.1,1
"2024-10-12 21:30:00",0.000977,373.4,1
"2024-10-12 21:45:00",0.010742,238.5,1
"2024-10-12 22:00:00",0.010742,287.9,1
"2024-10-12 22:15:00",0.054687,280.7,1
"2024-10-12 22:30:00",0.171875,195.8,1
"2024-10-12 22:45:00",0.376953,126.8,1
"2024-10-12 23:00:00",0.623047,158.7,1
"2024-10-12 23:15:00",0.828125,151.7,1
"2024-10-12 23:30:00",0.945313,241.2,1
"2024-10-12 23:45:00",0.989258,91,1
"2024-10-13 00:00:00",0.999023,132.2,1
"2024-10-13 00:15:00",0.999023,150.3,1
"2024-10-13 00:30:00",1,174.6,1
"2024-10-13 00:45:00",1,227.2,1
"2024-10-13 01:00:00",1,143.9,1
"2024-10-13 01:15:00",1,156.9,1
"2024-10-13 01:30:00",1,232.3,1
"2024-10-13 01:45:00",1,203.9,1
"2024-10-13 02:00:00",1,179.2,1
"2024-10-13 02:15:00",1,123.8,1
"2024-10-13 02:30:00",1,193.8,1
"2024-10-13 02:45:00",1,213.5,1
"2024-10-13 03:00:00",1,210.9,1
"2024-10-13 03:15:00",1,289.7,1
"2024-10-13 03:30:00",0.010742,210.4,1
"2024-10-13 03:45:00",0.010742,186,1
"2024-10-13 04:00:00",0.010742,201.3,1
"2024-10-13 04:15:00",0.010742,200.9,1
"2024-10-13 04:30:00",0.010742,398.2,1
"2024-10-13 04:45:00",0.054687,222.9,1
"2024-10-13 05:00:00",0.054687,160.7,1
"2024-10-13 05:15:00",0.054687,200.1,1
"2024-10-13 05:30:00",0.054687,234.4,1
"2024-10-13 05:45:00",0.054687,279.2,1
"2024-10-13 06:00:00",0.010742,249.4,1
"2024-10-13 06:15:00",0.010742,189.8,1
"2024-10-13 06:30:00",0.010742,264.7,1
"2024-10-13 06:45:00",0.010742,222.2,1
"2024-10-13 07:00:00",0.054687,281.9,1
"2024-10-13 07:15:00",0.054687,251.4,1
"2024-10-13 07:30:00",0.171875,303.8,1
"2024-10-13 07:45:00",0.376953,269.1,1
"2024-10-13 08:00:00",0.623047,243.5,1
"2024-10-13 08:15:00",0.828125,360.3,1
"2024-10-13 08:30:00",0.945313,310.5,1
"2024-10-13 08:45:00",0.989258,230.5,1
"2024-10-13 09:00:00",0.999023,231.9,1
"2024-10-13 09:15:00",1,265.8,1
"2024-10-13 09:30:00",1,244.1,1
"2024-10-13 09:45:00",1,232.6,1
"2024-10-13 10:00:00",1,215.7,1
"2024-10-13 10:15:00",1,237,1
"2024-10-13 10:30:00",1,166,1
"2024-10-13 10:45:00",1,214.9,1
"2024-10-13 11:00:00",1,99.6,1
"2024-10-13 11:15:00",1,210.9,1
"2024-10-13 11:30:00",1,177.9,1
"2024-10-13 11:45:00",1,183.5,1
"2024-10-13 12:00:00",1,160.8,1
"2024-10-13 12:15:00",0.000977,156.1,1
"2024-10-13 12:30:00",0.000977,215.2,1
"2024-10-13 12:45:00",0.000977,166.6,1
"2024-10-13 13:00:00",0.000977,170.8,1
"2024-10-13 13:15:00",0.000977,213.3,1
"2024-10-13 13:30:00",0.000977,214.6,1
"2024-10-13 13:45:00",0.000977,268.8,1
"2024-10-13 14:00:00",0.000977,241.6,1
"2024-10-13 14:15:00",0.000977,236.5,1
"2024-10-13 14:30:00",0.000977,260.8,1
"2024-10-13 14:45:00",0.000977,257.9,1
"2024-10-13 15:00:00",0.000977,359.9,1
"2024-10-13 15:15:00",0.000977,343.8,1
"2024-10-13 15:30:00",0.010742,276.7,1
"2024-10-13 15:45:00",0.010742,260.6,1
"2024-10-13 16:00:00",0.010742,314.7,1
"2024-10-13 16:15:00",0.010742,293.3,1
"2024-10-13 16:30:00",0.010742,258.7,1
"2024-10-13 16:45:00",0.010742,270.7,1
"2024-10-13 17:00:00",0.010742,277.1,1
"2024-10-13 17:15:00",0.010742,235.7,1
"2024-10-13 17:30:00",0.010742,200,1
"2024-10-13 17:45:00",0.010742,222.7,1
"2024-10-13 18:00:00",0.000977,232.1,1
"2024-10-13 18:15:00",0.000977,205.4,1
"2024-10-13 18:30:00",0.000977,190.7,1
"2024-10-13 18:45:00",0.000977,202.4,1
"2024-10-13 19:00:00",0.000977,272,1
"2024-10-13 19:15:00",0.000977,301.8,1
"2024-10-13 19:30:00",0.010742,175.1,1
"2024-10-13 19:45:00",0.010742,273.7,1
"2024-10-13 20:00:00",0.010742,302.7,1
"2024-10-13 20:15:00",0.054687,335.5,1
"2024-10-13 20:30:00",0.171875,363.7,1
"2024-10-13 20:45:00",0.376953,289.7,1
"2024-10-13 21:00:00",0.376953,375.6,1
"2024-10-13 21:15:00",0.623047,377.5,1
"2024-10-13 21:30:00",0.828125,381.4,1
"2024-10-13 21:45:00",0.945313,377.1,1
"2024-10-13 22:00:00",0.945313,421.7,1
"2024-10-13 22:15:00",0.989258,438.7,1
"2024-10-13 22:30:00",0.999023,379.5,1
"2024-10-13 22:45:00",0.999023,462.9,1
"2024-10-13 23:00:00",0.999023,457.4,1
"2024-10-13 23:15:00",0.999023,439.6,1
"2024-10-13 23:30:00",1,628.9,1
"2024-10-13 23:45:00",1,412.7,1
"2024-10-14 00:00:00",1,480.2,1
"2024-10-14 00:15:00",1,476.8,1
"2024-10-14 00:30:00",1,487.7,1
"2024-10-14 00:45:00",1,420.2,1
"2024-10-14 01:00:00",1,557.9,1
"2024-10-14 01:15:00",1,591.6,1
"2024-10-14 01:30:00",1,563,1
"2024-10-14 01:45:00",1,667.8,1
"2024-10-14 02:00:00",1,549,1
"2024-10-14 02:15:00",1,557.9,1
"2024-10-14 02:30:00",0.000977,731.8,1
"2024-10-14 02:45:00",0.000977,641.1,1
"2024-10-14 03:00:00",0.000977,493.9,1
"2024-10-14 03:15:00",0.000977,755.1,1
"2024-10-14 03:30:00",0.000977,554.5,1
"2024-10-14 03:45:00",0.000977,709.7,1
"2024-10-14 04:00:00",0.000977,537.7,1
"2024-10-14 04:15:00",0.000977,744.8,1
"2024-10-14 04:30:00",0.000977,721.6,1
"2024-10-14 04:45:00",0.000977,457,1
"2024-10-14 05:00:00",0.010742,523.4,1
"2024-10-14 05:15:00",0.054687,547.3,1
"2024-10-14 05:30:00",0.054687,555.5,1
"2024-10-14 05:45:00",0.054687,592.2,1
"2024-10-14 06:00:00",0.054687,697.2,1
"2024-10-14 06:15:00",0.054687,751.2,1
"2024-10-14 06:30:00",0.054687,509.8,1
"2024-10-14 06:45:00",0.054687,452,1
"2024-10-14 07:00:00",0.054687,547.4,1
"2024-10-14 07:15:00",0.054687,613,1
"2024-10-14 07:30:00",0.010742,644.6,1
"2024-10-14 07:45:00",0.000977,500.2,1
"2024-10-14 08:00:00",0.000977,489.3,1
"2024-10-14 08:15:00",0.000977,539.6,1
"2024-10-14 08:30:00",0.000977,448,1
"2024-10-14 08:45:00",0.000977,479.4,1
"2024-10-14 09:00:00",0.000977,512,1
"2024-10-14 09:15:00",0.000977,564.2,1
"2024-10-14 09:30:00",0.000977,518.4,1
"2024-10-14 09:45:00",0.000977,608.3,1
"2024-10-14 10:00:00",0.000977,467.4,1
"2024-10-14 10:15:00",0.000977,422.3,1
"2024-10-14 10:30:00",0.000977,652.8,1
"2024-10-14 10:45:00",0.000977,576.6,1
"2024-10-14 11:00:00",0.000977,741.8,1
"2024-10-14 11:15:00",0.010742,519.4,1
"2024-10-14 11:30:00",0.010742,456.1,1
"2024-10-14 11:45:00",0.010742,529.9,1
"2024-10-14 12:00:00",0.010742,556.3,1
"2024-10-14 12:15:00",0.010742,557.2,1
"2024-10-14 12:30:00",0.010742,577.5,1
"2024-10-14 12:45:00",0.010742,416.1,1
"2024-10-14 13:00:00",0.010742,278.3,1
"2024-10-14 13:15:00",0.054687,620.9,1
"2024-10-14 13:30:00",0.171875,304.8,1
"2024-10-14 13:45:00",0.171875,338.6,1
"2024-10-14 14:00:00",0.376953,375.1,1
"2024-10-14 14:15:00",0.623047,321.9,1
"2024-10-14 14:30:00",0.828125,343.5,1
"2024-10-14 14:45:00",0.945313,320.6,1
"2024-10-14 15:00:00",0.989258,362.8,1
"2024-10-14 15:15:00",0.999023,473.8,1
"2024-10-14 15:30:00",1,357.7,1
"2024-10-14 15:45:00",1,246,1
"2024-10-14 16:00:00",1,295.2,1
"2024-10-14 16:15:00",1,265.3,1
"2024-10-14 16:30:00",1,427.6,1
"2024-10-14 16:45:00",1,381.3,1
"2024-10-14 17:00:00",1,429.2,1
"2024-10-14 17:15:00",1,353.5,1
"2024-10-14 17:30:00",1,509.4,1
"2024-10-14 17:45:00",1,411,1
"2024-10-14 18:00:00",1,422.7,1
"2024-10-14 18:15:00",1,372.3,1
"2024-10-14 18:30:00",0.000977,383.8,1
"2024-10-14 18:45:00",0.000977,429.8,1
"2024-10-14 19:00:00",0.000977,385.6,1
"2024-10-14 19:15:00",0.000977,426.8,1
"2024-10-14 19:30:00",0.000977,342.1,1
"2024-10-14 19:45:00",0.000977,531.3,1
"2024-10-14 20:00:00",0.000977,461.9,1
"2024-10-14 20:15:00",0.000977,408.8,1
"2024-10-14 20:30:00",0.000977,334.5,1
"2024-10-14 20:45:00",0.000977,476.5,1
"2024-10-14 21:00:00",0.000977,494.1,1
"2024-10-14 21:15:00",0.000977,652.1,1
"2024-10-14 21:30:00",0.010742,442,1
"2024-10-14 21:45:00",0.010742,361.2,1
"2024-10-14 22:00:00",0.010742,484.3,1
"2024-10-14 22:15:00",0.010742,432.9,1
"2024-10-14 22:30:00",0.010742,472.3,1
"2024-10-14 22:45:00",0.010742,519.1,1
"2024-10-14 23:00:00",0.010742,720,1
"2024-10-14 23:15:00",0.054687,571.1,1
"2024-10-14 23:30:00",0.171875,426.6,1
"2024-10-14 23:45:00",0.171875,331.8,1
"2024-10-15 00:00:00",0.171875,606.6,1
"2024-10-15 00:15:00",0.376953,445.5,1
"2024-10-15 00:30:00",0.623047,457.7,1
"2024-10-15 00:45:00",0.828125,528.3,1
"2024-10-15 01:00:00",0.945313,643.4,1
"2024-10-15 01:15:00",0.989258,489.8,1
"2024-10-15 01:30:00",0.999023,818.9,1
"2024-10-15 01:45:00",0.999023,585.3,1
"2024-10-15 02:00:00",0.999023,498.4,1
"2024-10-15 02:15:00",1,350.6,1
"2024-10-15 02:30:00",1,409.2,1
"2024-10-15 02:45:00",1,364.6,1
"2024-10-15 03:00:00",1,438.9,1
"2024-10-15 03:15:00",1,709,1
"2024-10-15 03:30:00",1,592.7,1
"2024-10-15 03:45:00",1,567.6,1
"2024-10-15 04:00:00",1,342,1
"2024-10-15 04:15:00",1,642.5,1
"2024-10-15 04:30:00",1,945.8,1
"2024-10-15 04:45:00",1,452.5,1
"2024-10-15 05:00:00",1,344.1,1
"2024-10-15 05:15:00",0.000977,518.4,1
"2024-10-15 05:30:00",0.000977,753.1,1
"2024-10-15 05:45:00",0.000977,900.2,1
"2024-10-15 06:00:00",0.010742,547.3,1
"2024-10-15 06:15:00",0.010742,583.8,1
"2024-10-15 06:30:00",0.010742,607.9,1
"2024-10-15 06:45:00",0.010742,658.3,1
"2024-10-15 07:00:00",0.010742,650.1,1
"2024-10-15 07:15:00",0.010742,671.3,1
"2024-10-15 07:30:00",0.010742,518.3,1
"2024-10-15 07:45:00",0.010742,679,1
"2024-10-15 08:00:00",0.010742,489.8,1
"2024-10-15 08:15:00",0.010742,662,1
"2024-10-15 08:30:00",0.000977,305.7,1
"2024-10-15 08:45:00",0.000977,586.8,1
"2024-10-15 09:00:00",0.000977,339.8,1
"2024-10-15 09:15:00",0.010742,371,1
"2024-10-15 09:30:00",0.054687,202.5,1
"2024-10-15 09:45:00",0.171875,890.9,1
"2024-10-15 10:00:00",0.376953,266,1
"2024-10-15 10:15:00",0.623047,506.7,1
"2024-10-15 10:30:00",0.828125,350.5,1
"2024-10-15 10:45:00",0.945313,309,1
"2024-10-15 11:00:00",0.989258,218.3,1
"2024-10-15 11:15:00",0.999023,270.8,1
"2024-10-15 11:30:00",1,267.6,1
"2024-10-15 11:45:00",1,207.1,1
"2024-10-15 12:00:00",1,185.1,1
"2024-10-15 12:15:00",1,136.3,1
"2024-10-15 12:30:00",1,517.9,1
"2024-10-15 12:45:00",1,328.7,1
"2024-10-15 13:00:00",1,324.2,1
"2024-10-15 13:15:00",1,433,1
"2024-10-15 13:30:00",1,226.3,1
"2024-10-15 13:45:00",1,583.3,1
"2024-10-15 14:00:00",1,169.9,1
"2024-10-15 14:15:00",1,147.3,1
"2024-10-15 14:30:00",0.000977,170.8,1
"2024-10-15 14:45:00",0.000977,274,1
"2024-10-15 15:00:00",0.000977,196.7,1
"2024-10-15 15:15:00",0.000977,175.9,1
"2024-10-15 15:30:00",0.000977,168.9,1
"2024-10-15 15:45:00",0.000977,216.1,1
"2024-10-15 16:00:00",0.000977,208.1,1
"2024-10-15 16:15:00",0.000977,226.4,1
"2024-10-15 16:30:00",0.000977,218.3,1
"2024-10-15 16:45:00",0.000977,286.3,1
"2024-10-15 17:00:00",0.000977,263.5,1
"2024-10-15 17:15:00",0.000977,268,1
"2024-10-15 17:30:00",0.000977,227.7,1
"2024-10-15 17:45:00",0.000977,315,1
"2024-10-15 18:00:00",0.000977,359.3,1
"2024-10-15 18:15:00",0.000977,325.1,1
"2024-10-15 18:30:00",0.000977,352.6,1
"2024-10-15 18:45:00",0.000977,308.4,1
"2024-10-15 19:00:00",0.000977,262.2,1
"2024-10-15 19:15:00",0.000977,316,1
"2024-10-15 19:30:00",0.000977,374.6,1
"2024-10-15 19:45:00",0.010742,315.6,1
"2024-10-15 20:00:00",0.054687,294.1,1
"2024-10-15 20:15:00",0.171875,344.9,1
"2024-10-15 20:30:00",0.376953,322.7,1
"2024-10-15 20:45:00",0.623047,370.3,1
"2024-10-15 21:00:00",0.828125,339.1,1
"2024-10-15 21:15:00",0.945313,377.3,1
"2024-10-15 21:30:00",0.989258,376.7,1
"2024-10-15 21:45:00",0.999023,394.8,1
"2024-10-15 22:00:00",1,374,1
"2024-10-15 22:15:00",1,412.4,1
"2024-10-15 22:30:00",1,439.5,1
"2024-10-15 22:45:00",1,467.2,1
"2024-10-15 23:00:00",1,440.6,1
"2024-10-15 23:15:00",1,498.2,1
"2024-10-15 23:30:00",1,408.7,1
"2024-10-15 23:45:00",1,380,1
"2024-10-16 00:00:00",1,416,1
"2024-10-16 00:15:00",1,399.4,1
"2024-10-16 00:30:00",1,375,1
"2024-10-16 00:45:00",1,440.9,1
"2024-10-16 01:00:00",0.000977,465.2,1
"2024-10-16 01:15:00",0.000977,445.4,1
"2024-10-16 01:30:00",0.000977,505.3,1
"2024-10-16 01:45:00",0.000977,520.1,1
"2024-10-16 02:00:00",0.000977,528.2,1
"2024-10-16 02:15:00",0.000977,560.4,1
"2024-10-16 02:30:00",0.000977,473.8,1
"2024-10-16 02:45:00",0.000977,480.2,1
"2024-10-16 03:00:00",0.000977,484.8,1
"2024-10-16 03:15:00",0.000977,472.8,1
"2024-10-16 03:30:00",0.000977,480.9,1
"2024-10-16 03:45:00",0.000977,462.7,1
"2024-10-16 04:00:00",0.000977,603.2,1
"2024-10-16 04:15:00",0.010742,625.5,1
"2024-10-16 04:30:00",0.054687,567.9,1
"2024-10-16 04:45:00",0.054687,577.8,1
"2024-10-16 05:00:00",0.054687,515.4,1
"2024-10-16 05:15:00",0.054687,556.8,1
"2024-10-16 05:30:00",0.054687,442.2,1
"2024-10-16 05:45:00",0.054687,499.3,1
"2024-10-16 06:00:00",0.054687,541.2,1
"2024-10-16 06:15:00",0.054687,535.4,1
"2024-10-16 06:30:00",0.054687,471.5,1
"2024-10-16 06:45:00",0.010742,551.6,1
"2024-10-16 07:00:00",0.000977,628.9,1
"2024-10-16 07:15:00",0.010742,541.9,1
"2024-10-16 07:30:00",0.010742,499,1
"2024-10-16 07:45:00",0.010742,797.3,1
"2024-10-16 08:00:00",0.054687,559.3,1
"2024-10-16 08:15:00",0.054687,655.2,1
"2024-10-16 08:30:00",0.171875,636.2,1
"2024-10-16 08:45:00",0.171875,763.7,1
"2024-10-16 09:00:00",0.376953,608.6,1
"2024-10-16 09:15:00",0.376953,806.3,1
"2024-10-16 09:30:00",0.623047,640.8,1
"2024-10-16 09:45:00",0.376953,673.6,1
"2024-10-16 10:00:00",0.376953,568.9,1
"2024-10-16 10:15:00",0.376953,726.6,1
"2024-10-16 10:30:00",0.376953,671.9,1
"2024-10-16 10:45:00",0.376953,371.2,1
"2024-10-16 11:00:00",0.376953,316.7,1
"2024-10-16 11:15:00",0.623047,234.8,1
"2024-10-16 11:30:00",0.623047,157.5,1
"2024-10-16 11:45:00",0.828125,308.7,1
"2024-10-16 12:00:00",0.828125,195.2,1
"2024-10-16 12:15:00",0.945313,233.3,1
"2024-10-16 12:30:00",0.989258,202.1,1
"2024-10-16 12:45:00",0.999023,228.2,1
"2024-10-16 13:00:00",0.999023,163.2,1
"2024-10-16 13:15:00",1,110.1,1
"2024-10-16 13:30:00",1,149.9,1
"2024-10-16 13:45:00",1,161.3,1
"2024-10-16 14:00:00",1,156.3,1
"2024-10-16 14:15:00",1,140,1
"2024-10-16 14:30:00",1,196.2,1
"2024-10-16 14:45:00",1,268.4,1
"2024-10-16 15:00:00",1,253.5,1
"2024-10-16 15:15:00",1,276.5,1
"2024-10-16 15:30:00",1,237,1
"2024-10-16 15:45:00",1,323.6,1
"2024-10-16 16:00:00",1,334.9,1
"2024-10-16 16:15:00",0.000977,415.3,1
"2024-10-16 16:30:00",0.000977,172.2,1
"2024-10-16 16:45:00",0.000977,304,1
"2024-10-16 17:00:00",0.000977,342.4,1
"2024-10-16 17:15:00",0.000977,264.7,1
"2024-10-16 17:30:00",0.000977,186.2,1
"2024-10-16 17:45:00",0.000977,354,1
"2024-10-16 18:00:00",0.000977,332.9,1
"2024-10-16 18:15:00",0.000977,257.7,1
"2024-10-16 18:30:00",0.000977,221.9,1
"2024-10-16 18:45:00",0.000977,201.2,1
"2024-10-16 19:00:00",0.000977,272.3,1
"2024-10-16 19:15:00",0.000977,236.8,1
"2024-10-16 19:30:00",0.000977,271.9,1
"2024-10-16 19:45:00",0.000977,269.1,1
"2024-10-16 20:00:00",0.000977,197.5,1
"2024-10-16 20:15:00",0.000977,199,1
"2024-10-16 20:30:00",0.000977,164.9,1
"2024-10-16 20:45:00",0.000977,149.2,1
"2024-10-16 21:00:00",0.000977,152.1,1
"2024-10-16 21:15:00",0.000977,196.6,1
"2024-10-16 21:30:00",0.000977,160.4,1
"2024-10-16 21:45:00",0.000977,175.2,1
"2024-10-16 22:00:00",0.000977,151.7,1
"2024-10-16 22:15:00",0.000977,160.9,1
"2024-10-16 22:30:00",0.000977,170.4,1
"2024-10-16 22:45:00",0.000977,227.5,1
"2024-10-16 23:00:00",0.000977,181.6,1
"2024-10-16 23:15:00",0.000977,181.9,1
"2024-10-16 23:30:00",0.000977,146.3,1
"2024-10-16 23:45:00",0.000977,214.5,1
"2024-10-17 00:00:00",0.000977,211,1
"2024-10-17 00:15:00",0.000977,216.3,1
"2024-10-17 00:30:00",0.000977,176.2,1
"2024-10-17 00:45:00",0.000977,180.8,1
"2024-10-17 01:00:00",0.000977,169.6,1
"2024-10-17 01:15:00",0.000977,194.8,1
"2024-10-17 01:30:00",0.000977,173.5,1
"2024-10-17 01:45:00",0.000977,189.2,1
"2024-10-17 02:00:00",0.000977,388.4,1
"2024-10-17 02:15:00",0.010742,212.6,1
"2024-10-17 02:30:00",0.010742,193.9,1
"2024-10-17 02:45:00",0.010742,171.6,1
"2024-10-17 03:00:00",0.010742,179.8,1
"2024-10-17 03:15:00",0.010742,251.1,1
"2024-10-17 03:30:00",0.010742,197.1,1
"2024-10-17 03:45:00",0.010742,215.8,1
"2024-10-17 04:00:00",0.010742,251.4,1
"2024-10-17 04:15:00",0.010742,350.6,1
"2024-10-17 04:30:00",0.054687,216.5,1
"2024-10-17 04:45:00",0.010742,333.1,1
"2024-10-17 05:00:00",0.054687,283.5,1
"2024-10-17 05:15:00",0.054687,296.5,1
"2024-10-17 05:30:00",0.054687,400,1
"2024-10-17 05:45:00",0.171875,280,1
"2024-10-17 06:00:00",0.171875,393.7,1
"2024-10-17 06:15:00",0.376953,505.1,1
"2024-10-17 06:30:00",0.623047,351.5,1
"2024-10-17 06:45:00",0.828125,384.4,1
"2024-10-17 07:00:00",0.828125,433.2,1
"2024-10-17 07:15:00",0.945313,438.1,1
"2024-10-17 07:30:00",0.945313,407,1
"2024-10-17 07:45:00",0.989258,487.1,1
"2024-10-17 08:00:00",0.999023,355.1,1
"2024-10-17 08:15:00",0.999023,367.4,1
"2024-10-17 08:30:00",1,294.9,1
"2024-10-17 08:45:00",0.999023,377.8,1
"2024-10-17 09:00:00",0.999023,415.4,1
"2024-10-17 09:15:00",0.999023,410.4,1
"2024-10-17 09:30:00",0.999023,581.3,1
"2024-10-17 09:45:00",0.999023,482.3,1
"2024-10-17 10:00:00",0.999023,453,1
"2024-10-17 10:15:00",0.999023,474.1,1
"2024-10-17 10:30:00",0.999023,426.9,1
"2024-10-17 10:45:00",0.999023,470.2,1
"2024-10-17 11:00:00",0.999023,508.7,1
"2024-10-17 11:15:00",1,482.8,1
"2024-10-17 11:30:00",1,467.2,1
"2024-10-17 11:45:00",1,375.9,1
"2024-10-17 12:00:00",1,380.6,1
"2024-10-17 12:15:00",1,242.3,1
"2024-10-17 12:30:00",1,234.3,1
"2024-10-17 12:45:00",1,130.1,1
"2024-10-17 13:00:00",1,332.6,1
"2024-10-17 13:15:00",1,293.7,1
"2024-10-17 13:30:00",1,221.8,1
"2024-10-17 13:45:00",1,249,1
"2024-10-17 14:00:00",0.010742,321.1,1
"2024-10-17 14:15:00",0.054687,100.2,1
"2024-10-17 14:30:00",0.171875,115.4,1
"2024-10-17 14:45:00",0.376953,141.6,1
"2024-10-17 15:00:00",0.623047,233.8,1
"2024-10-17 15:15:00",0.828125,205.9,1
"2024-10-17 15:30:00",0.945313,349.3,1
"2024-10-17 15:45:00",0.989258,314.5,1
"2024-10-17 16:00:00",0.999023,58.3,1
"2024-10-17 16:15:00",1,161.4,1
"2024-10-17 16:30:00",1,148.3,1
"2024-10-17 16:45:00",1,123.8,1
"2024-10-17 17:00:00",1,73,1
"2024-10-17 17:15:00",1,34.7,1
"2024-10-17 17:30:00",1,105.9,1
"2024-10-17 17:45:00",1,62.6,1
"2024-10-17 18:00:00",1,30.1,1
"2024-10-17 18:15:00",1,107.8,1
"2024-10-17 18:30:00",1,15.7,0
"2024-10-17 18:45:00",1,23.5,0
"2024-10-17 19:00:00",1,38.2,0
"2024-10-17 19:15:00",0.000977,49.8,0
"2024-10-17 19:30:00",0.000977,10.3,0
"2024-10-17 19:45:00",0.000977,8.9,0
"2024-10-17 20:00:00",0.000977,12.2,0
"2024-10-17 20:15:00",0.000977,12.1,0
"2024-10-17 20:30:00",0.000977,50.9,0
"2024-10-17 20:45:00",0.000977,14.5,0
"2024-10-17 21:00:00",0.000977,23.2,0
"2024-10-17 21:15:00",0.000977,39.4,0
"2024-10-17 21:30:00",0.000977,24.9,0
"2024-10-17 21:45:00",0.000977,22.2,0
"2024-10-17 22:00:00",0.000977,17.3,0
"2024-10-17 22:15:00",0.000977,24.1,0
"2024-10-17 22:30:00",0.000977,13.7,0
"2024-10-17 22:45:00",0.000977,22.8,0
"2024-10-17 23:00:00",0.000977,22.7,0
"2024-10-17 23:15:00",0.000977,11.4,0
"2024-10-17 23:30:00",0.000977,18.1,0
"2024-10-17 23:45:00",0.000977,12.3,0
"2024-10-18 00:00:00",0.000977,8.4,0
"2024-10-18 00:15:00",0.000977,8.7,0
"2024-10-18 00:30:00",0.000977,20,0
"2024-10-18 00:45:00",0.000977,14.5,0
"2024-10-18 01:00:00",0.000977,36.5,0
"2024-10-18 01:15:00",0.000977,22.3,0
"2024-10-18 01:30:00",0.000977,19.2,0
"2024-10-18 01:45:00",0.010742,38.3,0
"2024-10-18 02:00:00",0.054687,41.6,0
"2024-10-18 02:15:00",0.171875,9.7,0
"2024-10-18 02:30:00",0.376953,33.5,0
"2024-10-18 02:45:00",0.623047,14.1,0
"2024-10-18 03:00:00",0.828125,23.9,0
"2024-10-18 03:15:00",0.945313,13.1,0
"2024-10-18 03:30:00",0.989258,27.8,0
"2024-10-18 03:45:00",0.999023,24.5,0
"2024-10-18 04:00:00",1,7.9,0
"2024-10-18 04:15:00",1,38.2,0
"2024-10-18 04:30:00",1,26.1,0
"2024-10-18 04:45:00",1,17.4,0
"2024-10-18 05:00:00",1,15.4,0
"2024-10-18 05:15:00",1,15.1,0
"2024-10-18 05:30:00",1,16.8,0
"2024-10-18 05:45:00",1,12.8,0
"2024-10-18 06:00:00",1,8.3,0
"2024-10-18 06:15:00",1,14.1,0
"2024-10-18 06:30:00",1,46.6,0
"2024-10-18 06:45:00",1,8.2,0
"2024-10-18 07:00:00",0.000977,16,0
"2024-10-18 07:15:00",0.000977,60.7,0
"2024-10-18 07:30:00",0.010742,25.8,0
"2024-10-18 07:45:00",0.010742,20.5,0
"2024-10-18 08:00:00",0.010742,8.9,0
"2024-10-18 08:15:00",0.010742,20,0
"2024-10-18 08:30:00",0.010742,8,0
"2024-10-18 08:45:00",0.010742,22.2,0
"2024-10-18 09:00:00",0.010742,22.7,0
"2024-10-18 09:15:00",0.010742,41.2,0
"2024-10-18 09:30:00",0.010742,29.6,0
"2024-10-18 09:45:00",0.010742,28.3,0
"2024-10-18 10:00:00",0.000977,14.2,0
"2024-10-18 10:15:00",0.010742,42.3,0
"2024-10-18 10:30:00",0.010742,20.6,0
"2024-10-18 10:45:00",0.010742,26.7,0
"2024-10-18 11:00:00",0.054687,48,0
"2024-10-18 11:15:00",0.171875,28.4,0
"2024-10-18 11:30:00",0.376953,90,0
"2024-10-18 11:45:00",0.623047,24.2,0
"2024-10-18 12:00:00",0.828125,27.3,0
"2024-10-18 12:15:00",0.945313,52.4,0
"2024-10-18 12:30:00",0.989258,40,0
"2024-10-18 12:45:00",0.989258,109.1,1
"2024-10-18 13:00:00",0.999023,112.5,1
"2024-10-18 13:15:00",1,123.7,1
"2024-10-18 13:30:00",1,115.9,1
"2024-10-18 13:45:00",1,60.4,1
"2024-10-18 14:00:00",1,136.5,1
"2024-10-18 14:15:00",1,90.5,1
"2024-10-18 14:30:00",1,85.4,1
"2024-10-18 14:45:00",1,56.7,1
"2024-10-18 15:00:00",1,54.2,1
"2024-10-18 15:15:00",1,118.1,1
"2024-10-18 15:30:00",1,25.1,1
"2024-10-18 15:45:00",1,15.1,1
"2024-10-18 16:00:00",1,15.3,1
"2024-10-18 16:15:00",0.010742,23.3,1
"2024-10-18 16:30:00",0.054687,12.6,1
"2024-10-18 16:45:00",0.171875,25.8,1
"2024-10-18 17:00:00",0.376953,174.1,1
"2024-10-18 17:15:00",0.623047,83.1,1
"2024-10-18 17:30:00",0.828125,68.6,1
"2024-10-18 17:45:00",0.945313,226,1
"2024-10-18 18:00:00",0.989258,197.5,1
"2024-10-18 18:15:00",0.999023,250.1,1
"2024-10-18 18:30:00",1,206.4,1
"2024-10-18 18:45:00",1,211.4,1
"2024-10-18 19:00:00",1,161.5,1
"2024-10-18 19:15:00",1,127.7,1
"2024-10-18 19:30:00",1,142.5,1
"2024-10-18 19:45:00",1,245.4,1
"2024-10-18 20:00:00",1,156.8,1
"2024-10-18 20:15:00",1,175.2,1
"2024-10-18 20:30:00",1,273.1,1
"2024-10-18 20:45:00",1,267.3,1
"2024-10-18 21:00:00",1,339.4,1
"2024-10-18 21:15:00",1,298,1
"2024-10-18 21:30:00",0.000977,325.1,1
"2024-10-18 21:45:00",0.000977,293.6,1
"2024-10-18 22:00:00",0.000977,588.9,1
"2024-10-18 22:15:00",0.010742,342.7,1
"2024-10-18 22:30:00",0.010742,303.8,1
"2024-10-18 22:45:00",0.010742,461.3,1
"2024-10-18 23:00:00",0.054687,794.7,1
"2024-10-18 23:15:00",0.171875,180.5,1
"2024-10-18 23:30:00",0.171875,394.7,1
"2024-10-18 23:45:00",0.376953,332.8,1
"2024-10-19 00:00:00",0.376953,247.1,1
"2024-10-19 00:15:00",0.376953,16.9,1
"2024-10-19 00:30:00",0.623047,443.7,1
"2024-10-19 00:45:00",0.623047,216.3,1
"2024-10-19 01:00:00",0.828125,337,1
"2024-10-19 01:15:00",0.945313,147.1,1
"2024-10-19 01:30:00",0.945313,162.6,1
"2024-10-19 01:45:00",0.945313,202.3,1
"2024-10-19 02:00:00",0.989258,241.9,1
"2024-10-19 02:15:00",0.989258,162.6,1
"2024-10-19 02:30:00",0.999023,200.8,1
"2024-10-19 02:45:00",1,116.7,1
"2024-10-19 03:00:00",1,142.2,1
"2024-10-19 03:15:00",1,252.8,1
"2024-10-19 03:30:00",1,265.7,1
"2024-10-19 03:45:00",1,250.6,1
"2024-10-19 04:00:00",1,317.9,1
"2024-10-19 04:15:00",1,240.9,1
"2024-10-19 04:30:00",1,215.5,1
"2024-10-19 04:45:00",1,350.1,1
"2024-10-19 05:00:00",1,162.4,1
"2024-10-19 05:15:00",1,88.8,1
"2024-10-19 05:30:00",1,111,1
"2024-10-19 05:45:00",0.000977,619.7,1
"2024-10-19 06:00:00",0.010742,529.6,1
"2024-10-19 06:15:00",0.054687,217.8,1
"2024-10-19 06:30:00",0.054687,186.7,1
"2024-10-19 06:45:00",0.054687,579.6,1
"2024-10-19 07:00:00",0.171875,298.8,1
"2024-10-19 07:15:00",0.171875,121.2,1
"2024-10-19 07:30:00",0.171875,238,1
"2024-10-19 07:45:00",0.171875,69.7,1
"2024-10-19 08:00:00",0.171875,94.3,1
"2024-10-19 08:15:00",0.171875,529.7,1
"2024-10-19 08:30:00",0.171875,548.7,1
"2024-10-19 08:45:00",0.171875,487.5,1
"2024-10-19 09:00:00",0.376953,189.2,1
"2024-10-19 09:15:00",0.376953,142.5,1
"2024-10-19 09:30:00",0.171875,319.5,1
"2024-10-19 09:45:00",0.376953,258.3,1
"2024-10-19 10:00:00",0.623047,203,1
"2024-10-19 10:15:00",0.623047,213,1
"2024-10-19 10:30:00",0.623047,434.4,1
"2024-10-19 10:45:00",0.828125,374.2,1
"2024-10-19 11:00:00",0.623047,272.2,1
"2024-10-19 11:15:00",0.376953,313.9,1
"2024-10-19 11:30:00",0.171875,612,1
"2024-10-19 11:45:00",0.376953,173.7,1
"2024-10-19 12:00:00",0.376953,331.9,1
"2024-10-19 12:15:00",0.376953,440.1,1
"2024-10-19 12:30:00",0.376953,500.3,1
"2024-10-19 12:45:00",0.623047,430.4,1
"2024-10-19 13:00:00",0.828125,390.6,1
"2024-10-19 13:15:00",0.828125,232.9,1
"2024-10-19 13:30:00",0.945313,174.6,1
"2024-10-19 13:45:00",0.989258,194.1,1
"2024-10-19 14:00:00",0.999023,69.7,1
"2024-10-19 14:15:00",0.999023,80.1,1
"2024-10-19 14:30:00",1,86.3,1
"2024-10-19 14:45:00",1,221.8,1
"2024-10-19 15:00:00",1,105.3,1
"2024-10-19 15:15:00",1,126.7,1
"2024-10-19 15:30:00",1,133.6,1
"2024-10-19 15:45:00",1,101.9,1
"2024-10-19 16:00:00",1,95,1
"2024-10-19 16:15:00",1,265.6,1
"2024-10-19 16:30:00",1,265.8,1
"2024-10-19 16:45:00",1,84.7,1
"2024-10-19 17:00:00",1,115.9,1
"2024-10-19 17:15:00",1,128.7,1
"2024-10-19 17:30:00",0.000977,92,1
"2024-10-19 17:45:00",0.000977,88,1
"2024-10-19 18:00:00",0.000977,58.5,1
"2024-10-19 18:15:00",0.000977,59.3,1
"2024-10-19 18:30:00",0.000977,94.9,1
"2024-10-19 18:45:00",0.000977,71.7,1
"2024-10-19 19:00:00",0.000977,57.3,1
"2024-10-19 19:15:00",0.000977,106.5,1
"2024-10-19 19:30:00",0.000977,87.9,1
"2024-10-19 19:45:00",0.000977,121.7,1
"2024-10-19 20:00:00",0.000977,69.9,1
"2024-10-19 20:15:00",0.000977,87,1
"2024-10-19 20:30:00",0.000977,61.9,1
"2024-10-19 20:45:00",0.000977,49.8,1
"2024-10-19 21:00:00",0.000977,107.9,1
"2024-10-19 21:15:00",0.000977,150,1
"2024-10-19 21:30:00",0.000977,188.9,1
"2024-10-19 21:45:00",0.000977,171.8,1
"2024-10-19 22:00:00",0.000977,227.8,1
"2024-10-19 22:15:00",0.000977,245.3,1
"2024-10-19 22:30:00",0.000977,100.7,1
"2024-10-19 22:45:00",0.000977,103.8,1
"2024-10-19 23:00:00",0.000977,152.2,1
"2024-10-19 23:15:00",0.000977,130.5,1
"2024-10-19 23:30:00",0.000977,179.9,1
"2024-10-19 23:45:00",0.000977,79.7,1
"2024-10-20 00:00:00",0.000977,179.9,1
"2024-10-20 00:15:00",0.010742,240.9,1
"2024-10-20 00:30:00",0.054687,154.2,1
"2024-10-20 00:45:00",0.054687,165.5,1
"2024-10-20 01:00:00",0.054687,57.9,1
"2024-10-20 01:15:00",0.171875,168.4,1
"2024-10-20 01:30:00",0.171875,250.8,1
"2024-10-20 01:45:00",0.376953,211.4,1
"2024-10-20 02:00:00",0.376953,146.9,1
"2024-10-20 02:15:00",0.376953,180.4,1
"2024-10-20 02:30:00",0.376953,195.3,1
"2024-10-20 02:45:00",0.171875,167,1
"2024-10-20 03:00:00",0.054687,271.3,1
"2024-10-20 03:15:00",0.171875,246.1,1
"2024-10-20 03:30:00",0.376953,251,1
"2024-10-20 03:45:00",0.376953,190,1
"2024-10-20 04:00:00",0.376953,97.1,1
"2024-10-20 04:15:00",0.171875,284.8,1
"2024-10-20 04:30:00",0.376953,171.5,1
"2024-10-20 04:45:00",0.376953,162.1,1
"2024-10-20 05:00:00",0.376953,126.9,1
"2024-10-20 05:15:00",0.376953,48.2,1
"2024-10-20 05:30:00",0.623047,241.5,1
"2024-10-20 05:45:00",0.376953,165.5,1
"2024-10-20 06:00:00",0.171875,169.6,1
"2024-10-20 06:15:00",0.054687,191.4,1
"2024-10-20 06:30:00",0.054687,122.1,1
"2024-10-20 06:45:00",0.054687,101,1
"2024-10-20 07:00:00",0.010742,131.1,1
"2024-10-20 07:15:00",0.054687,107.6,1
"2024-10-20 07:30:00",0.054687,174,1
"2024-10-20 07:45:00",0.054687,203.6,1
"2024-10-20 08:00:00",0.010742,132.5,1
"2024-10-20 08:15:00",0.010742,87.3,1
"2024-10-20 08:30:00",0.054687,159.5,1
"2024-10-20 08:45:00",0.054687,89.6,1
"2024-10-20 09:00:00",0.054687,91.9,1
"2024-10-20 09:15:00",0.054687,123.7,1
"2024-10-20 09:30:00",0.054687,166.4,1
"2024-10-20 09:45:00",0.010742,157.5,1
"2024-10-20 10:00:00",0.010742,107.2,1
"2024-10-20 10:15:00",0.010742,75.7,1
"2024-10-20 10:30:00",0.054687,127.8,1
"2024-10-20 10:45:00",0.054687,75.8,1
"2024-10-20 11:00:00",0.054687,126.8,1
"2024-10-20 11:15:00",0.054687,72.8,1
"2024-10-20 11:30:00",0.054687,47.2,1
"2024-10-20 11:45:00",0.171875,45.5,1
"2024-10-20 12:00:00",0.376953,93.9,1
"2024-10-20 12:15:00",0.623047,72.5,1
"2024-10-20 12:30:00",0.828125,68.7,1
"2024-10-20 12:45:00",0.945313,96.1,1
"2024-10-20 13:00:00",0.945313,70.7,1
"2024-10-20 13:15:00",0.989258,43.2,1
"2024-10-20 13:30:00",0.989258,266.7,1
"2024-10-20 13:45:00",0.999023,290.2,1
"2024-10-20 14:00:00",1,186,1
"2024-10-20 14:15:00",1,154.8,1
"2024-10-20 14:30:00",1,70.2,1
"2024-10-20 14:45:00",1,78.9,1
"2024-10-20 15:00:00",1,153.3,1
"2024-10-20 15:15:00",1,22.8,1
"2024-10-20 15:30:00",1,107.1,1
"2024-10-20 15:45:00",1,70.6,1
"2024-10-20 16:00:00",1,109.1,1
"2024-10-20 16:15:00",1,96.5,1
"2024-10-20 16:30:00",1,192,1
"2024-10-20 16:45:00",1,174.3,1
"2024-10-20 17:00:00",0.000977,54.3,1
"2024-10-20 17:15:00",0.000977,139.8,1
"2024-10-20 17:30:00",0.000977,25.3,1
"2024-10-20 17:45:00",0.010742,101.1,1
"2024-10-20 18:00:00",0.010742,65.4,1
"2024-10-20 18:15:00",0.010742,74.1,1
"2024-10-20 18:30:00",0.054687,131.7,1
"2024-10-20 18:45:00",0.054687,59.6,1
"2024-10-20 19:00:00",0.054687,72.3,1
"2024-10-20 19:15:00",0.054687,143.9,1
"2024-10-20 19:30:00",0.054687,66.9,1
"2024-10-20 19:45:00",0.054687,90.8,1
"2024-10-20 20:00:00",0.054687,137.5,1
"2024-10-20 20:15:00",0.010742,99,1
"2024-10-20 20:30:00",0.010742,119.8,1
"2024-10-20 20:45:00",0.010742,87.6,1
"2024-10-20 21:00:00",0.000977,84.2,1
"2024-10-20 21:15:00",0.000977,107.7,1
"2024-10-20 21:30:00",0.000977,52.8,1
"2024-10-20 21:45:00",0.000977,338,1
"2024-10-20 22:00:00",0.010742,87.2,1
"2024-10-20 22:15:00",0.010742,82.8,1
"2024-10-20 22:30:00",0.010742,6.8,1
"2024-10-20 22:45:00",0.054687,55.1,1
"2024-10-20 23:00:00",0.054687,61.5,1
"2024-10-20 23:15:00",0.054687,189.3,1
"2024-10-20 23:30:00",0.171875,113.8,1
"2024-10-20 23:45:00",0.171875,69.3,1
"2024-10-21 00:00:00",0.171875,57,1
"2024-10-21 00:15:00",0.171875,51.2,1
"2024-10-21 00:30:00",0.054687,104.6,1
"2024-10-21 00:45:00",0.054687,49.8,1
"2024-10-21 01:00:00",0.054687,107.3,1
"2024-10-21 01:15:00",0.010742,119.6,1
"2024-10-21 01:30:00",0.010742,193.6,0
"2024-10-21 01:45:00",0.054687,13,0
"2024-10-21 02:00:00",0.010742,19.5,0
"2024-10-21 02:15:00",0.054687,21,0
"2024-10-21 02:30:00",0.171875,22.5,0
"2024-10-21 02:45:00",0.376953,21,0
"2024-10-21 03:00:00",0.623047,22.5,0
"2024-10-21 03:15:00",0.828125,24.5,0
"2024-10-21 03:30:00",0.945313,6.8,0
"2024-10-21 03:45:00",0.989258,9.4,0
"2024-10-21 04:00:00",0.999023,28.6,0
"2024-10-21 04:15:00",0.999023,21.6,0
"2024-10-21 04:30:00",1,42.2,0
"2024-10-21 04:45:00",1,23,0
"2024-10-21 05:00:00",1,24.8,0
"2024-10-21 05:15:00",1,13.3,0
"2024-10-21 05:30:00",1,28.1,0
"2024-10-21 05:45:00",1,17,0
"2024-10-21 06:00:00",1,23.5,0
"2024-10-21 06:15:00",1,19.5,0
"2024-10-21 06:30:00",1,26.4,0
"2024-10-21 06:45:00",1,24.4,0
"2024-10-21 07:00:00",1,20,0
"2024-10-21 07:15:00",1,19.5,0
"2024-10-21 07:30:00",0.000977,70.2,0
"2024-10-21 07:45:00",0.000977,35.8,0
"2024-10-21 08:00:00",0.000977,48.7,0
"2024-10-21 08:15:00",0.000977,406.6,1
"2024-10-21 08:30:00",0.010742,37,1
"2024-10-21 08:45:00",0.010742,169.6,1
"2024-10-21 09:00:00",0.054687,131.5,1
"2024-10-21 09:15:00",0.054687,269.7,1
"2024-10-21 09:30:00",0.171875,86.7,1
"2024-10-21 09:45:00",0.171875,185.1,1
"2024-10-21 10:00:00",0.376953,174.4,1
"2024-10-21 10:15:00",0.623047,99,1
"2024-10-21 10:30:00",0.828125,140.1,1
"2024-10-21 10:45:00",0.945313,186.2,1
"2024-10-21 11:00:00",0.945313,133.1,1
"2024-10-21 11:15:00",0.989258,313.4,1
"2024-10-21 11:30:00",0.989258,128.7,1
"2024-10-21 11:45:00",0.999023,138.4,1
"2024-10-21 12:00:00",0.999023,175,1
"2024-10-21 12:15:00",1,175.7,1
"2024-10-21 12:30:00",1,351.2,1
"2024-10-21 12:45:00",1,134.9,1
"2024-10-21 13:00:00",1,477.4,1
"2024-10-21 13:15:00",1,52.3,1
"2024-10-21 13:30:00",1,138.7,1
"2024-10-21 13:45:00",1,202.9,1
"2024-10-21 14:00:00",1,296.5,1
"2024-10-21 14:15:00",1,130.6,1
"2024-10-21 14:30:00",1,70.6,1
"2024-10-21 14:45:00",1,371.7,1
"2024-10-21 15:00:00",1,404.7,1
"2024-10-21 15:15:00",0.010742,316.8,1
"2024-10-21 15:30:00",0.054687,181.1,1
"2024-10-21 15:45:00",0.054687,149.5,1
"2024-10-21 16:00:00",0.054687,188.9,1
"2024-10-21 16:15:00",0.054687,116.1,1
"2024-10-21 16:30:00",0.054687,75.6,1
"2024-10-21 16:45:00",0.054687,116.5,1
"2024-10-21 17:00:00",0.054687,124.7,1
"2024-10-21 17:15:00",0.054687,113.7,1
"2024-10-22 18:00:00",0,11.9,0
"2024-10-22 18:15:00",0.010742,11.4,0
"2024-10-22 18:30:00",0.010742,11.5,0
"2024-10-22 18:45:00",0.054687,11.5,0
"2024-10-22 19:00:00",0.171875,11.7,0
"2024-10-22 19:15:00",0.376953,11.8,0
"2024-10-22 19:30:00",0.623047,12,0
"2024-10-22 19:45:00",0.828125,12,0
"2024-10-22 20:00:00",0.945313,11.9,0
"2024-10-22 20:15:00",0.989258,12.1,0
"2024-10-22 20:30:00",0.999023,11.7,0
"2024-10-22 20:45:00",1,12.3,0
"2024-10-22 21:00:00",1,12,0
"2024-10-22 21:15:00",1,12,0
"2024-10-22 21:30:00",1,11.7,0
"2024-10-22 21:45:00",1,11.8,0
"2024-10-22 22:00:00",1,11.5,0
"2024-10-22 22:15:00",1,11.5,0
"2024-10-22 22:30:00",1,12.5,0
"2024-10-22 22:45:00",1,11.5,0
"2024-10-22 23:00:00",1,11.4,0
"2024-10-22 23:15:00",1,12.1,0
"2024-10-22 23:30:00",1,11.2,0
"2024-10-22 23:45:00",0.000977,11,0
"2024-10-23 00:00:00",0.000977,11.1,0
"2024-10-23 00:15:00",0.010742,11.2,0
"2024-10-23 00:30:00",0.054687,10.8,0
"2024-10-23 00:45:00",0.171875,10.8,0
"2024-10-23 01:00:00",0.376953,10.1,0
"2024-10-23 01:15:00",0.623047,10.4,0
"2024-10-23 01:30:00",0.828125,10.6,0
"2024-10-23 01:45:00",0.945313,10.4,0
"2024-10-23 02:00:00",0.989258,10.4,0
"2024-10-23 02:15:00",0.999023,10.1,0
"2024-10-23 02:30:00",1,9.9,0
"2024-10-23 02:45:00",1,10,0
"2024-10-23 03:00:00",1,9.7,0
"2024-10-23 03:15:00",1,10.1,0
"2024-10-23 03:30:00",1,9.8,0
"2024-10-23 03:45:00",1,9.3,0
"2024-10-23 04:00:00",1,9.2,0
"2024-10-23 04:15:00",1,9.6,0
"2024-10-23 04:30:00",1,8.9,0
"2024-10-23 04:45:00",1,9.3,0
"2024-10-23 05:00:00",1,9,0
"2024-10-23 05:15:00",1,9.1,0
"2024-10-23 05:30:00",0.000977,8.9,0
"2024-10-23 05:45:00",0.000977,8.9,0
"2024-10-23 06:00:00",0.000977,8.9,0
"2024-10-23 06:15:00",0.000977,8.6,0
"2024-10-23 06:30:00",0.000977,8.6,0
"2024-10-23 06:45:00",0.000977,8.8,0
"2024-10-23 07:00:00",0.000977,8.6,0
"2024-10-23 07:15:00",0.000977,8.4,0
"2024-10-23 07:30:00",0.000977,8.5,0
"2024-10-23 07:45:00",0.000977,8.5,0
"2024-10-23 08:00:00",0.000977,8.3,0
"2024-10-23 08:15:00",0.000977,8.4,0
"2024-10-23 08:30:00",0.000977,8.4,0
"2024-10-23 08:45:00",0.000977,8.3,0
"2024-10-23 09:00:00",0.000977,8.3,0
"2024-10-23 09:15:00",0.000977,8.2,0
"2024-10-23 09:30:00",0.000977,8.2,0
"2024-10-23 09:45:00",0.000977,8.1,0
"2024-10-23 10:00:00",0.000977,8.1,0
"2024-10-23 10:15:00",0.000977,7.9,0
"2024-10-23 10:30:00",0.000977,8.1,0
"2024-10-23 10:45:00",0.000977,8.1,0
"2024-10-23 11:00:00",0.000977,7.8,0
"2024-10-23 11:15:00",0.000977,7.6,0
"2024-10-23 11:30:00",0.000977,7.6,0
"2024-10-23 11:45:00",0.000977,7.8,0
"2024-10-23 12:00:00",0.000977,7.9,0
"2024-10-23 12:15:00",0.000977,7.8,0
"2024-10-23 12:30:00",0.000977,8.3,0
"2024-10-23 12:45:00",0.010742,8.1,0
"2024-10-23 13:00:00",0.054687,7.9,0
"2024-10-23 13:15:00",0.171875,7.9,0
"2024-10-23 13:30:00",0.376953,7.8,0
"2024-10-23 13:45:00",0.623047,8,0
"2024-10-23 14:00:00",0.828125,7.8,0
"2024-10-23 14:15:00",0.945313,7.9,0
"2024-10-23 14:30:00",0.989258,7.9,0
"2024-10-23 14:45:00",0.999023,7.5,0
"2024-10-23 15:00:00",1,7.3,0
"2024-10-23 15:15:00",1,7.5,0
"2024-10-23 15:30:00",1,7.3,0
"2024-10-23 15:45:00",1,7.3,0
"2024-10-23 16:00:00",1,7.5,0
"2024-10-23 16:15:00",1,7.6,0
"2024-10-23 16:30:00",1,7.6,0
"2024-10-23 16:45:00",1,7.6,0
"2024-10-23 17:00:00",1,7.3,0
"2024-10-23 17:15:00",1,7.4,0
"2024-10-23 17:30:00",1,7.5,0
"2024-10-23 17:45:00",1,7.4,0
"2024-10-23 18:00:00",0.000977,7.3,0
"2024-10-23 18:15:00",0.000977,7.3,0
"2024-10-23 18:30:00",0.000977,7,0
"2024-10-23 18:45:00",0.000977,7.2,0
"2024-10-23 19:00:00",0.000977,7.2,0
"2024-10-23 19:15:00",0.000977,7.1,0
"2024-10-23 19:30:00",0.000977,6.7,0
"2024-10-23 19:45:00",0.010742,7,0
"2024-10-23 20:00:00",0.010742,7.3,0
"2024-10-23 20:15:00",0.010742,7.3,0
"2024-10-23 20:30:00",0.010742,6.9,0
"2024-10-23 20:45:00",0.010742,7.2,0
"2024-10-23 21:00:00",0.010742,7.2,0
"2024-10-23 21:15:00",0.010742,7.1,0
"2024-10-23 21:30:00",0.010742,7.2,0
"2024-10-23 21:45:00",0.010742,7,0
"2024-10-23 22:00:00",0.010742,6.7,0
"2024-10-23 22:15:00",0.000977,6.7,0
"2024-10-23 22:30:00",0.000977,7.1,0
"2024-10-23 22:45:00",0.000977,7,0
"2024-10-23 23:00:00",0.000977,7,0
"2024-10-23 23:15:00",0.000977,6.8,0
"2024-10-23 23:30:00",0.000977,6.8,0
"2024-10-23 23:45:00",0.000977,6.9,0
"2024-10-24 00:00:00",0.000977,6.8,0
"2024-10-24 00:15:00",0.000977,6.8,0
"2024-10-24 00:30:00",0.000977,6.4,0
"2024-10-24 00:45:00",0.010742,6.9,0
"2024-10-24 01:00:00",0.010742,6.9,0
"2024-10-24 01:15:00",0.010742,6.9,0
"2024-10-24 01:30:00",0.010742,6.5,0
"2024-10-24 01:45:00",0.054687,6.4,0
"2024-10-24 02:00:00",0.171875,6.3,0
"2024-10-24 02:15:00",0.376953,6.7,0
"2024-10-24 02:30:00",0.376953,6.3,0
"2024-10-24 02:45:00",0.623047,6.3,0
"2024-10-24 03:00:00",0.828125,6.6,0
"2024-10-24 03:15:00",0.623047,6.3,0
"2024-10-24 03:30:00",0.828125,6.4,0
"2024-10-24 03:45:00",0.828125,8,0
"2024-10-24 04:00:00",0.945313,6.3,0
"2024-10-24 04:15:00",0.945313,6.2,0
"2024-10-24 04:30:00",0.945313,6.2,0
"2024-10-24 04:45:00",0.945313,6.1,0
"2024-10-24 05:00:00",0.989258,6.2,0
"2024-10-24 05:15:00",0.989258,6.3,0
"2024-10-24 05:30:00",0.989258,6.1,0
"2024-10-24 05:45:00",0.999023,6.3,0
"2024-10-24 06:00:00",0.999023,6.5,0
"2024-10-24 06:15:00",1,6.9,0
"2024-10-24 06:30:00",1,6.4,0
"2024-10-24 06:45:00",1,6.2,0
"2024-10-24 07:00:00",1,6.4,0
"2024-10-24 07:15:00",1,6.5,0
"2024-10-24 07:30:00",1,6.2,0
"2024-10-24 07:45:00",1,6.4,0
"2024-10-24 08:00:00",1,6.5,0
"2024-10-24 08:15:00",1,6.5,0
"2024-10-24 08:30:00",1,6.3,0
"2024-10-24 08:45:00",1,6.3,0
"2024-10-24 09:00:00",1,6.3,0
"2024-10-24 09:15:00",0.000977,6.2,0
"2024-10-24 09:30:00",0.000977,6.2,0
"2024-10-24 09:45:00",0.000977,6.2,0
"2024-10-24 10:00:00",0.000977,5.5,0
"2024-10-24 10:15:00",0.010742,5.9,0
"2024-10-24 10:30:00",0.010742,5.9,0
"2024-10-24 10:45:00",0.010742,6.1,0
"2024-10-24 11:00:00",0.010742,8.6,0
"2024-10-24 11:15:00",0.054687,6.1,0
"2024-10-24 11:30:00",0.171875,5.8,0
"2024-10-24 11:45:00",0.376953,5.7,0
"2024-10-24 12:00:00",0.623047,5.6,0
"2024-10-24 12:15:00",0.828125,5.5,0
"2024-10-24 12:30:00",0.945313,5.9,0
"2024-10-24 12:45:00",0.945313,5.7,0
"2024-10-24 13:00:00",0.989258,5.9,0
"2024-10-24 13:15:00",0.999023,5.5,0
"2024-10-24 13:30:00",1,5.7,0
"2024-10-24 13:45:00",1,5.6,0
"2024-10-24 14:00:00",1,5.4,0
"2024-10-24 14:15:00",1,5.3,0
"2024-10-24 14:30:00",1,5.6,0
"2024-10-24 14:45:00",1,5.3,0
"2024-10-24 15:00:00",1,5.2,0
"2024-10-24 15:15:00",1,5.4,0
"2024-10-24 15:30:00",1,5.4,0
"2024-10-24 15:45:00",1,5.4,0
"2024-10-24 16:00:00",1,5.8,0
"2024-10-24 16:15:00",1,5.3,0
"2024-10-24 16:30:00",0.000977,5.6,0
"2024-10-24 16:45:00",0.000977,5.3,0
"2024-10-24 17:00:00",0.000977,5.2,0
"2024-10-24 17:15:00",0.000977,5.3,0
"2024-10-24 17:30:00",0.000977,5.1,0
"2024-10-24 17:45:00",0.000977,5.3,0
"2024-10-24 18:00:00",0.000977,6.4,0
"2024-10-24 18:15:00",0.000977,5.2,0
"2024-10-24 18:30:00",0.000977,6.3,0
"2024-10-24 18:45:00",0.000977,5.4,0
"2024-10-24 19:00:00",0.000977,5.3,0
"2024-10-24 19:15:00",0.000977,5.3,0
"2024-10-24 19:30:00",0.000977,5.4,0
"2024-10-24 19:45:00",0.000977,7.4,0
"2024-10-24 20:00:00",0.010742,5.4,0
"2024-10-24 20:15:00",0.010742,5.9,0
"2024-10-24 20:30:00",0.054687,5.3,0
"2024-10-24 20:45:00",0.171875,5.3,0
"2024-10-24 21:00:00",0.376953,5.4,0
"2024-10-24 21:15:00",0.623047,5.4,0
"2024-10-24 21:30:00",0.828125,5.6,0
"2024-10-24 21:45:00",0.945313,5.4,0
"2024-10-24 22:00:00",0.989258,6.6,0
"2024-10-24 22:15:00",0.999023,5.9,0
"2024-10-24 22:30:00",0.999023,5.5,0
"2024-10-24 22:45:00",1,5.7,0
"2024-10-24 23:00:00",1,6.4,0
"2024-10-24 23:15:00",1,5.4,0
"2024-10-24 23:30:00",1,5.4,0
"2024-10-24 23:45:00",1,7.4,0
"2024-10-25 00:00:00",1,5.8,0
"2024-10-25 00:15:00",1,6.1,0
"2024-10-25 00:30:00",1,6.4,0
"2024-10-25 00:45:00",1,6.2,0
"2024-10-25 01:00:00",1,7.3,0
"2024-10-25 01:15:00",1,6.7,0
"2024-10-25 01:30:00",1,9.8,0
"2024-10-25 01:45:00",0.010742,6.6,0
"2024-10-25 02:00:00",0.010742,6.5,0
"2024-10-25 02:15:00",0.010742,7.1,0
"2024-10-25 02:30:00",0.010742,12.7,0
"2024-10-25 02:45:00",0.054687,6.8,0
"2024-10-25 03:00:00",0.054687,7.3,0
"2024-10-25 03:15:00",0.171875,7.4,0
"2024-10-25 03:30:00",0.376953,7.4,0
"2024-10-25 03:45:00",0.623047,8.7,0
"2024-10-25 04:00:00",0.828125,7.7,0
"2024-10-25 04:15:00",0.828125,8.1,0
"2024-10-25 04:30:00",0.945313,8.1,0
"2024-10-25 04:45:00",0.989258,9.1,0
"2024-10-25 05:00:00",0.999023,9.8,0
"2024-10-25 05:15:00",0.999023,9.3,0
"2024-10-25 05:30:00",1,9.8,0
"2024-10-25 05:45:00",1,9.1,0
"2024-10-25 06:00:00",1,10.8,0
"2024-10-25 06:15:00",1,11.9,0
"2024-10-25 06:30:00",1,12.5,0
"2024-10-25 06:45:00",1,9.4,0
"2024-10-25 07:00:00",1,10.8,0
"2024-10-25 07:15:00",1,10.3,0
"2024-10-25 07:30:00",1,14.1,0
"2024-10-25 07:45:00",1,9.4,0
"2024-10-25 08:00:00",1,12.6,0
"2024-10-25 08:15:00",1,10.1,0
"2024-10-25 08:30:00",0.000977,9.1,0
"2024-10-25 08:45:00",0.000977,18.4,0
"2024-10-25 09:00:00",0.010742,8.7,0
"2024-10-25 09:15:00",0.010742,13.6,0
"2024-10-25 09:30:00",0.010742,13.1,0
"2024-10-25 09:45:00",0.054687,12,0
"2024-10-25 10:00:00",0.054687,11.4,0
"2024-10-25 10:15:00",0.054687,9.7,0
"2024-10-25 10:30:00",0.054687,7.5,0
"2024-10-25 10:45:00",0.171875,14.3,0
"2024-10-25 11:00:00",0.171875,18.1,0
"2024-10-25 11:15:00",0.376953,7.3,0
"2024-10-25 11:30:00",0.376953,7.3,0
"2024-10-25 11:45:00",0.623047,7.6,0
"2024-10-25 12:00:00",0.828125,12.5,0
"2024-10-25 12:15:00",0.828125,7.3,0
"2024-10-25 12:30:00",0.945313,7.2,0
"2024-10-25 12:45:00",0.989258,7.5,0
"2024-10-25 13:00:00",0.999023,7.2,0
"2024-10-25 13:15:00",0.999023,7.3,0
"2024-10-25 13:30:00",1,7.3,0
"2024-10-25 13:45:00",1,7,0
"2024-10-25 14:00:00",1,7,0
"2024-10-25 14:15:00",1,6.8,0
"2024-10-25 14:30:00",1,6.8,0
"2024-10-25 14:45:00",1,7.6,0
"2024-10-25 15:00:00",1,7.2,0
"2024-10-25 15:15:00",1,7.3,0
"2024-10-25 15:30:00",1,7.2,0
"2024-10-25 15:45:00",1,9.2,0
"2024-10-25 16:00:00",1,11.4,0
"2024-10-25 16:15:00",1,8.9,0
"2024-10-25 16:30:00",0.000977,7.8,0
"2024-10-25 16:45:00",0.000977,6.5,0
"2024-10-25 17:00:00",0.000977,6.7,0
"2024-10-25 17:15:00",0.000977,6.7,0
"2024-10-25 17:30:00",0.010742,6.2,0
"2024-10-25 17:45:00",0.054687,6.6,0
"2024-10-25 18:00:00",0.171875,6.2,0
"2024-10-25 18:15:00",0.376953,6.2,0
"2024-10-25 18:30:00",0.623047,6.8,0
"2024-10-25 18:45:00",0.828125,7.2,0
"2024-10-25 19:00:00",0.945313,6.4,0
"2024-10-25 19:15:00",0.989258,6,0
"2024-10-25 19:30:00",0.999023,6.3,0
"2024-10-25 19:45:00",1,6.3,0
"2024-10-25 20:00:00",1,6.1,0
"2024-10-25 20:15:00",1,5.9,0
"2024-10-25 20:30:00",1,6.2,0
"2024-10-25 20:45:00",1,6.2,0
"2024-10-25 21:00:00",1,6.4,0
"2024-10-25 21:15:00",1,6,0
"2024-10-25 21:30:00",1,6.4,0
"2024-10-25 21:45:00",1,6.3,0
"2024-10-25 22:00:00",1,6.3,0
"2024-10-25 22:15:00",1,6.2,0
"2024-10-25 22:30:00",1,6.4,0
"2024-10-25 22:45:00",0.000977,6.4,0
"2024-10-25 23:00:00",0.000977,6.3,0
"2024-10-25 23:15:00",0.000977,6.2,0
"2024-10-25 23:30:00",0.000977,6.4,0
"2024-10-25 23:45:00",0.000977,6.2,0
"2024-10-26 00:00:00",0.000977,6.1,0
"2024-10-26 00:15:00",0.000977,6.5,0
"2024-10-26 00:30:00",0.000977,6.1,0
"2024-10-26 00:45:00",0.000977,6.1,0
"2024-10-26 01:00:00",0.000977,6.2,0
"2024-10-26 01:15:00",0.000977,6.1,0
"2024-10-26 01:30:00",0.000977,6.4,0
"2024-10-26 01:45:00",0.000977,6.4,0
"2024-10-26 02:00:00",0.000977,6.2,0
"2024-10-26 02:15:00",0.000977,6.5,0
"2024-10-26 02:30:00",0.000977,6.7,0
"2024-10-26 02:45:00",0.000977,6.1,0
"2024-10-26 03:00:00",0.000977,6.4,0
"2024-10-26 03:15:00",0.000977,6.2,0
"2024-10-26 03:30:00",0.000977,6.1,0
"2024-10-26 03:45:00",0.000977,6.3,0
"2024-10-26 04:00:00",0.000977,5.9,0
"2024-10-26 04:15:00",0.010742,6.1,0
"2024-10-26 04:30:00",0.010742,6.4,0
"2024-10-26 04:45:00",0.010742,6,0
"2024-10-26 05:00:00",0.054687,6.1,0
"2024-10-26 05:15:00",0.171875,6.1,0
"2024-10-26 05:30:00",0.376953,6.4,0
"2024-10-26 05:45:00",0.376953,6.1,0
"2024-10-26 06:00:00",0.376953,6.2,0
"2024-10-26 06:15:00",0.376953,6.7,0
"2024-10-26 06:30:00",0.376953,6.1,0
"2024-10-26 06:45:00",0.171875,6.3,0
"2024-10-26 07:00:00",0.171875,6.4,0
"2024-10-26 07:15:00",0.171875,6.2,0
"2024-10-26 07:30:00",0.054687,6.3,0
"2024-10-26 07:45:00",0.010742,6.1,0
"2024-10-26 08:00:00",0.000977,6.5,0
"2024-10-26 08:15:00",0.010742,6.6,0
"2024-10-26 08:30:00",0.054687,6.3,0
"2024-10-26 08:45:00",0.054687,6.4,0
"2024-10-26 09:00:00",0.054687,6.9,0
"2024-10-26 09:15:00",0.171875,6.7,0
"2024-10-26 09:30:00",0.376953,6.3,0
"2024-10-26 09:45:00",0.376953,6.5,0
"2024-10-26 10:00:00",0.623047,6.7,0
"2024-10-26 10:15:00",0.828125,6.2,0
"2024-10-26 10:30:00",0.828125,6.4,0
"2024-10-26 10:45:00",0.623047,6.2,0
"2024-10-26 11:00:00",0.376953,6.2,0
"2024-10-26 11:15:00",0.376953,6.1,0
"2024-10-26 11:30:00",0.376953,6.2,0
"2024-10-26 11:45:00",0.171875,5.9,0
"2024-10-26 12:00:00",0.171875,6.2,0
"2024-10-26 12:15:00",0.171875,6.2,0
"2024-10-26 12:30:00",0.054687,6.2,0
"2024-10-26 12:45:00",0.010742,6,0
"2024-10-26 13:00:00",0.054687,6.2,0
"2024-10-26 13:15:00",0.054687,6.6,0
"2024-10-26 13:30:00",0.054687,6.5,0
"2024-10-26 13:45:00",0.171875,6.2,0
"2024-10-26 14:00:00",0.171875,6.5,0
"2024-10-26 14:15:00",0.171875,6.2,0
"2024-10-26 14:30:00",0.054687,6.5,0
"2024-10-26 14:45:00",0.054687,6.7,0
"2024-10-26 15:00:00",0.171875,6.6,0
"2024-10-26 15:15:00",0.376953,6.8,0
"2024-10-26 15:30:00",0.376953,6.4,0
"2024-10-26 15:45:00",0.623047,6.7,0
"2024-10-26 16:00:00",0.828125,7.2,0
"2024-10-26 16:15:00",0.828125,6.8,0
"2024-10-26 16:30:00",0.945313,7.4,0
"2024-10-26 16:45:00",0.989258,6.8,0
"2024-10-26 17:00:00",0.999023,7.2,0
"2024-10-26 17:15:00",1,7.4,0
"2024-10-26 17:30:00",1,6.8,0
"2024-10-26 17:45:00",1,7,0
"2024-10-26 18:00:00",1,6.8,0
"2024-10-26 18:15:00",1,7.2,0
"2024-10-26 18:30:00",1,7.2,0
"2024-10-26 18:45:00",1,7.7,0
"2024-10-26 19:00:00",1,7.4,0
"2024-10-26 19:15:00",1,7.6,0
"2024-10-26 19:30:00",1,7.6,0
"2024-10-26 19:45:00",1,7.6,0
"2024-10-26 20:00:00",1,7.8,0
"2024-10-26 20:15:00",0.000977,7.6,0
"2024-10-26 20:30:00",0.000977,8.2,0
"2024-10-26 20:45:00",0.000977,8.6,0
"2024-10-26 21:00:00",0.000977,8.6,0
"2024-10-26 21:15:00",0.000977,8.3,0
"2024-10-26 21:30:00",0.000977,8,0
"2024-10-26 21:45:00",0.000977,8.3,0
"2024-10-26 22:00:00",0.000977,8.3,0
"2024-10-26 22:15:00",0.000977,8.4,0
"2024-10-26 22:30:00",0.000977,8.6,0
"2024-10-26 22:45:00",0.000977,8.4,0
"2024-10-26 23:00:00",0.000977,8.5,0
"2024-10-26 23:15:00",0.000977,8.6,0
"2024-10-26 23:30:00",0.000977,8.6,0
"2024-10-26 23:45:00",0.000977,8.6,0
"2024-10-27 00:00:00",0.000977,8.3,0
"2024-10-27 00:15:00",0.000977,8.4,0
"2024-10-27 00:30:00",0.000977,8.6,0
"2024-10-27 00:45:00",0.000977,8.6,0
"2024-10-27 01:00:00",0.000977,9,0
"2024-10-27 01:15:00",0.000977,8.4,0
"2024-10-27 01:30:00",0.000977,8.4,0
"2024-10-27 01:45:00",0.000977,8.7,0
"2024-10-27 02:00:00",0.000977,8.4,0
"2024-10-27 02:15:00",0.000977,8.5,0
"2024-10-27 02:30:00",0.000977,8.6,0
"2024-10-27 02:45:00",0.000977,8.7,0
"2024-10-27 03:00:00",0.000977,8.6,0
"2024-10-27 03:15:00",0.000977,8.6,0
"2024-10-27 03:30:00",0.000977,8.6,0
"2024-10-27 03:45:00",0.000977,8.5,0
"2024-10-27 04:00:00",0.000977,8.6,0
"2024-10-27 04:15:00",0.000977,8.8,0
"2024-10-27 04:30:00",0.000977,8.8,0
"2024-10-27 04:45:00",0.000977,8.7,0
"2024-10-27 05:00:00",0.000977,8.7,0
"2024-10-27 05:15:00",0.000977,8.1,0
"2024-10-27 05:30:00",0.000977,8.5,0
"2024-10-27 05:45:00",0.000977,8.6,0
"2024-10-27 06:00:00",0.000977,8.5,0
"2024-10-27 06:15:00",0.000977,8.7,0
"2024-10-27 06:30:00",0.000977,8.5,0
"2024-10-27 06:45:00",0.000977,9.1,0
"2024-10-27 07:00:00",0.010742,8.7,0
"2024-10-27 07:15:00",0.010742,8.7,0
"2024-10-27 07:30:00",0.010742,8.6,0
"2024-10-27 07:45:00",0.010742,8.5,0
"2024-10-27 08:00:00",0.010742,8.7,0
"2024-10-27 08:15:00",0.010742,9,0
"2024-10-27 08:30:00",0.010742,8.7,0
"2024-10-27 08:45:00",0.010742,9,0
"2024-10-27 09:00:00",0.054687,8.8,0
"2024-10-27 09:15:00",0.171875,8.7,0
"2024-10-27 09:30:00",0.054687,8.9,0
"2024-10-27 09:45:00",0.171875,8.9,0
"2024-10-27 10:00:00",0.376953,8.9,0
"2024-10-27 10:15:00",0.623047,9.1,0
"2024-10-27 10:30:00",0.828125,8.7,0
"2024-10-27 10:45:00",0.945313,8.7,0
"2024-10-27 11:00:00",0.989258,9,0
"2024-10-27 11:15:00",0.999023,8.8,0
"2024-10-27 11:30:00",0.999023,8.7,0
"2024-10-27 11:45:00",0.999023,8.8,0
"2024-10-27 12:00:00",1,8.8,0
"2024-10-27 12:15:00",1,8.1,0
"2024-10-27 12:30:00",1,8.9,0
"2024-10-27 12:45:00",1,8.6,0
"2024-10-27 13:00:00",1,8.6,0
"2024-10-27 13:15:00",1,8.6,0
"2024-10-27 13:30:00",1,8.7,0
"2024-10-27 13:45:00",1,8.6,0
"2024-10-27 14:00:00",1,8.6,0
"2024-10-27 14:15:00",1,10,0
"2024-10-27 14:30:00",1,8.7,0
"2024-10-27 14:45:00",1,8.4,0
"2024-10-27 15:00:00",0.000977,8.9,0
"2024-10-27 15:15:00",0.000977,8.6,0
"2024-10-27 15:30:00",0.000977,8.7,0
"2024-10-27 15:45:00",0.000977,8.6,0
"2024-10-27 16:00:00",0.010742,8.6,0
"2024-10-27 16:15:00",0.054687,8.5,0
"2024-10-27 16:30:00",0.171875,8.5,0
"2024-10-27 16:45:00",0.376953,8.6,0
"2024-10-27 17:00:00",0.623047,8.5,0
"2024-10-27 17:15:00",0.828125,8.1,0
"2024-10-27 17:30:00",0.945313,8.7,0
"2024-10-27 17:45:00",0.989258,8.5,0
"2024-10-27 18:00:00",0.999023,8.5,0
"2024-10-27 18:15:00",1,8.5,0
"2024-10-27 18:30:00",1,8.4,0
"2024-10-27 18:45:00",1,8.6,0
"2024-10-27 19:00:00",1,8.2,0
"2024-10-27 19:15:00",1,8.3,0
"2024-10-27 19:30:00",1,8.1,0
"2024-10-27 19:45:00",1,8.3,0
"2024-10-27 20:00:00",1,8.6,0
"2024-10-27 20:15:00",1,8.6,0
"2024-10-27 20:30:00",1,8.6,0
"2024-10-27 20:45:00",1,8.1,0
"2024-10-27 21:00:00",1,8.5,0
"2024-10-27 21:15:00",0.000977,8.3,0
"2024-10-27 21:30:00",0.000977,8.3,0
"2024-10-27 21:45:00",0.000977,8.7,0
"2024-10-27 22:00:00",0.000977,8.8,0
"2024-10-27 22:15:00",0.000977,8.7,0
"2024-10-27 22:30:00",0.000977,8.5,0
"2024-10-27 22:45:00",0.000977,8.3,0
"2024-10-27 23:00:00",0.000977,8.3,0
"2024-10-27 23:15:00",0.000977,8.4,0
"2024-10-27 23:30:00",0.000977,8.1,0
"2024-10-27 23:45:00",0.000977,8.2,0
"2024-10-28 00:00:00",0.000977,8.4,0
"2024-10-28 00:15:00",0.000977,7.8,0
"2024-10-28 00:30:00",0.010742,8.1,0
"2024-10-28 00:45:00",0.010742,8.2,0
"2024-10-28 01:00:00",0.010742,8.1,0
"2024-10-28 01:15:00",0.010742,7.8,0
"2024-10-28 01:30:00",0.054687,7.8,0
"2024-10-28 01:45:00",0.171875,7.8,0
"2024-10-28 02:00:00",0.376953,7.6,0
"2024-10-28 02:15:00",0.623047,7.7,0
"2024-10-28 02:30:00",0.828125,7.8,0
"2024-10-28 02:45:00",0.945313,7.8,0
"2024-10-28 03:00:00",0.945313,7.6,0
"2024-10-28 03:15:00",0.989258,7.5,0
"2024-10-28 03:30:00",0.999023,7.4,0
"2024-10-28 03:45:00",1,7.6,0
"2024-10-28 04:00:00",1,7.6,0
"2024-10-28 04:15:00",1,7.9,0
"2024-10-28 04:30:00",1,7.6,0
"2024-10-28 04:45:00",1,7.5,0
"2024-10-28 05:00:00",1,7.8,0
"2024-10-28 05:15:00",1,7.8,0
"2024-10-28 05:30:00",1,7.5,0
"2024-10-28 05:45:00",1,7.5,0
"2024-10-28 06:00:00",1,7.8,0
"2024-10-28 06:15:00",1,7.8,0
"2024-10-28 06:30:00",1,7.8,0
"2024-10-28 06:45:00",0.010742,7.8,0
"2024-10-28 07:00:00",0.054687,7.7,0
"2024-10-28 07:15:00",0.171875,8.3,0
"2024-10-28 07:30:00",0.376953,7.5,0
"2024-10-28 07:45:00",0.623047,7.6,0
"2024-10-28 08:00:00",0.828125,7.4,0
"2024-10-28 08:15:00",0.945313,7.8,0
"2024-10-28 08:30:00",0.989258,7.6,0
"2024-10-28 08:45:00",0.999023,7.8,0
"2024-10-28 09:00:00",1,7.9,0
"2024-10-28 09:15:00",1,7.8,0
"2024-10-28 09:30:00",1,7.9,0
"2024-10-28 09:45:00",1,7.9,0
"2024-10-28 10:00:00",1,7.6,0
"2024-10-28 10:15:00",1,7.4,0
"2024-10-28 10:30:00",1,7.2,0
"2024-10-28 10:45:00",1,7.4,0
"2024-10-28 11:00:00",1,7.6,0
"2024-10-28 11:15:00",1,7.2,0
"2024-10-28 11:30:00",1,7.4,0
"2024-10-28 11:45:00",1,7.3,0
"2024-10-28 12:00:00",0.010742,7.5,0
"2024-10-28 12:15:00",0.054687,7.2,0
"2024-10-28 12:30:00",0.171875,7.3,0
"2024-10-28 12:45:00",0.376953,7.2,0
"2024-10-28 13:00:00",0.623047,7.1,0
"2024-10-28 13:15:00",0.828125,7.2,0
"2024-10-28 13:30:00",0.945313,6.9,0
"2024-10-28 13:45:00",0.989258,7.3,0
"2024-10-28 14:00:00",0.999023,6.8,0
"2024-10-28 14:15:00",1,6.8,0
"2024-10-28 14:30:00",1,6.9,0
"2024-10-28 14:45:00",1,6.7,0
"2024-10-28 15:00:00",1,7,0
"2024-10-28 15:15:00",1,6.8,0
"2024-10-28 15:30:00",1,6.7,0
"2024-10-28 15:45:00",1,6.5,0
"2024-10-28 16:00:00",1,6.6,0
"2024-10-28 16:15:00",1,6.8,0
"2024-10-28 16:30:00",1,6.3,0
"2024-10-28 16:45:00",1,6.4,0
"2024-10-28 17:00:00",1,6.3,0
"2024-10-28 17:15:00",0.000977,6.5,0
"2024-10-28 17:30:00",0.000977,6.6,0
"2024-10-28 17:45:00",0.000977,6.4,0
"2024-10-28 18:00:00",0.000977,6.4,0
"2024-10-28 18:15:00",0.000977,6.5,0
"2024-10-28 18:30:00",0.000977,6.1,0
"2024-10-28 18:45:00",0.000977,6.2,0
"2024-10-28 19:00:00",0.000977,6.2,0
"2024-10-28 19:15:00",0.000977,6.5,0
"2024-10-28 19:30:00",0.000977,6.2,0
"2024-10-28 19:45:00",0.000977,6.4,0
"2024-10-28 20:00:00",0.000977,6.9,0
"2024-10-28 20:15:00",0.000977,6.4,0
"2024-10-28 20:30:00",0.000977,6.1,0
"2024-10-28 20:45:00",0.010742,6.2,0
"2024-10-28 21:00:00",0.010742,6.4,0
"2024-10-28 21:15:00",0.010742,6.2,0
"2024-10-28 21:30:00",0.010742,6.4,0
"2024-10-28 21:45:00",0.010742,6.3,0
"2024-10-28 22:00:00",0.010742,6.4,0
"2024-10-28 22:15:00",0.010742,6.5,0
"2024-10-28 22:30:00",0.010742,6.2,0
"2024-10-28 22:45:00",0.010742,6.4,0
"2024-10-28 23:00:00",0.010742,6.2,0
"2024-10-28 23:15:00",0.000977,6.1,0
"2024-10-28 23:30:00",0.000977,6.2,0
"2024-10-28 23:45:00",0.000977,6.2,0
"2024-10-29 00:00:00",0.000977,6.2,0
"2024-10-29 00:15:00",0.010742,6.1,0
"2024-10-29 00:30:00",0.054687,5.7,0
"2024-10-29 00:45:00",0.171875,6.2,0
"2024-10-29 01:00:00",0.376953,6.2,0
"2024-10-29 01:15:00",0.623047,6,0
"2024-10-29 01:30:00",0.828125,5.9,0
"2024-10-29 01:45:00",0.945313,5.9,0
"2024-10-29 02:00:00",0.989258,5.7,0
"2024-10-29 02:15:00",0.999023,6.1,0
"2024-10-29 02:30:00",1,6.1,0
"2024-10-29 02:45:00",1,6.1,0
"2024-10-29 03:00:00",1,6.1,0
"2024-10-29 03:15:00",1,6.1,0
"2024-10-29 03:30:00",1,5.7,0
"2024-10-29 03:45:00",1,5.9,0
"2024-10-29 04:00:00",1,5.8,0
"2024-10-29 04:15:00",1,6,0
"2024-10-29 04:30:00",1,5.7,0
"2024-10-29 04:45:00",1,5.7,0
"2024-10-29 05:00:00",1,5.7,0
"2024-10-29 05:15:00",1,5.6,0
"2024-10-29 05:30:00",0.000977,5.7,0
"2024-10-29 05:45:00",0.000977,6.1,0
"2024-10-29 06:00:00",0.000977,5.7,0
"2024-10-29 06:15:00",0.000977,5.5,0
"2024-10-29 06:30:00",0.010742,5.9,0
"2024-10-29 06:45:00",0.010742,5.6,0
"2024-10-29 07:00:00",0.010742,5.6,0
"2024-10-29 07:15:00",0.010742,5.7,0
"2024-10-29 07:30:00",0.010742,5.7,0
"2024-10-29 07:45:00",0.010742,5.6,0
"2024-10-29 08:00:00",0.010742,5.7,0
"2024-10-29 08:15:00",0.010742,5.7,0
"2024-10-29 08:30:00",0.010742,5.5,0
"2024-10-29 08:45:00",0.010742,5.7,0
"2024-10-29 09:00:00",0.000977,5.9,0
"2024-10-29 09:15:00",0.000977,5.7,0
"2024-10-29 09:30:00",0.000977,5.7,0
"2024-10-29 09:45:00",0.000977,5.7,0
"2024-10-29 10:00:00",0.000977,5.6,0
"2024-10-29 10:15:00",0.000977,5.5,0
"2024-10-29 10:30:00",0.000977,5.7,0
"2024-10-29 10:45:00",0.000977,5.5,0
"2024-10-29 11:00:00",0.000977,5.6,0
"2024-10-29 11:15:00",0.000977,5.4,0
"2024-10-29 11:30:00",0.000977,5.6,0
"2024-10-29 11:45:00",0.000977,5.6,0
"2024-10-29 12:00:00",0.000977,5.4,0
"2024-10-29 12:15:00",0.010742,5.4,0
"2024-10-29 12:30:00",0.054687,5.4,0
"2024-10-29 12:45:00",0.171875,5.4,0
"2024-10-29 13:00:00",0.376953,5.3,0
"2024-10-29 13:15:00",0.623047,5.4,0
"2024-10-29 13:30:00",0.828125,5.1,0
"2024-10-29 13:45:00",0.945313,5.6,0
"2024-10-29 14:00:00",0.989258,5.4,0
"2024-10-29 14:15:00",0.999023,5.1,0
"2024-10-29 14:30:00",1,5.1,0
"2024-10-29 14:45:00",1,5,0
"2024-10-29 15:00:00",1,4.8,0
"2024-10-29 15:15:00",1,5.5,0
"2024-10-29 15:30:00",1,5.3,0
"2024-10-29 15:45:00",1,5.1,0
"2024-10-29 16:00:00",1,4.7,0
"2024-10-29 16:15:00",1,5,0
"2024-10-29 16:30:00",1,4.8,0
"2024-10-29 16:45:00",1,4.8,0
"2024-10-29 17:00:00",1,4.8,0
"2024-10-29 17:15:00",1,5,0
"2024-10-29 17:30:00",0.000977,4.9,0
"2024-10-29 17:45:00",0.000977,0.3,0
"2024-10-29 18:00:00",0.010742,4.9,0
"2024-10-29 18:15:00",0.010742,4.7,0
"2024-10-29 18:30:00",0.010742,4.7,0
"2024-10-29 18:45:00",0.010742,4.5,0
"2024-10-29 19:00:00",0.010742,4.7,0
"2024-10-29 19:15:00",0.010742,5,0
"2024-10-29 19:30:00",0.010742,5.2,0
"2024-10-29 19:45:00",0.010742,4.8,0
"2024-10-29 20:00:00",0.010742,5.1,0
"2024-10-29 20:15:00",0.010742,4.7,0
"2024-10-29 20:30:00",0.000977,4.8,0
"2024-10-29 20:45:00",0.000977,5,0
"2024-10-29 21:00:00",0.000977,4.8,0
"2024-10-29 21:15:00",0.000977,5,0
"2024-10-29 21:30:00",0.000977,4.9,0
"2024-10-29 21:45:00",0.000977,4.7,0
"2024-10-29 22:00:00",0.000977,4.8,0
"2024-10-29 22:15:00",0.000977,4.7,0
"2024-10-29 22:30:00",0.000977,4.8,0
"2024-10-29 22:45:00",0.000977,5.1,0
"2024-10-29 23:00:00",0.000977,5.5,0
"2024-10-29 23:15:00",0.010742,4.6,0
"2024-10-29 23:30:00",0.054687,5,0
"2024-10-29 23:45:00",0.054687,5.1,0
"2024-10-30 00:00:00",0.054687,5,0
"2024-10-30 00:15:00",0.054687,5.1,0
"2024-10-30 00:30:00",0.054687,5,0
"2024-10-30 00:45:00",0.054687,4.9,0
"2024-10-30 01:00:00",0.054687,4.9,0
"2024-10-30 01:15:00",0.054687,4.8,0
"2024-10-30 01:30:00",0.171875,4.8,0
"2024-10-30 01:45:00",0.171875,4.3,0
"2024-10-30 02:00:00",0.171875,4.8,0
"2024-10-30 02:15:00",0.376953,5.2,0
"2024-10-30 02:30:00",0.623047,4.8,0
"2024-10-30 02:45:00",0.828125,4.8,0
"2024-10-30 03:00:00",0.945313,4.6,0
"2024-10-30 03:15:00",0.989258,4.8,0
"2024-10-30 03:30:00",0.999023,4.7,0
"2024-10-30 03:45:00",1,4.8,0
"2024-10-30 04:00:00",1,4.9,0
"2024-10-30 04:15:00",1,4.6,0
"2024-10-30 04:30:00",1,4.6,0
"2024-10-30 04:45:00",1,4.8,0
"2024-10-30 05:00:00",1,4.5,0
"2024-10-30 05:15:00",1,4.6,0
"2024-10-30 05:30:00",1,4.6,0
"2024-10-30 05:45:00",1,4.9,0
"2024-10-30 06:00:00",1,4.6,0
"2024-10-30 06:15:00",1,4.6,0
"2024-10-30 06:30:00",1,4.5,0
"2024-10-30 06:45:00",0.000977,4.5,0
"2024-10-30 07:00:00",0.000977,4.8,0
"2024-10-30 07:15:00",0.000977,4.9,0
"2024-10-30 07:30:00",0.000977,4.8,0
"2024-10-30 07:45:00",0.000977,4.7,0
"2024-10-30 08:00:00",0.000977,4.7,0
"2024-10-30 08:15:00",0.000977,4.8,0
"2024-10-30 08:30:00",0.000977,4.8,0
"2024-10-30 08:45:00",0.000977,4.9,0
"2024-10-30 09:00:00",0.000977,5,0
"2024-10-30 09:15:00",0.000977,4.5,0
"2024-10-30 09:30:00",0.010742,4.8,0
"2024-10-30 09:45:00",0.010742,4.8,0
"2024-10-30 10:00:00",0.010742,4.8,0
"2024-10-30 10:15:00",0.010742,4.5,0
"2024-10-30 10:30:00",0.010742,4.4,0
"2024-10-30 10:45:00",0.054687,4.9,0
"2024-10-30 11:00:00",0.171875,4.7,0
"2024-10-30 11:15:00",0.376953,4.8,0
"2024-10-30 11:30:00",0.623047,4.6,0
"2024-10-30 11:45:00",0.828125,4.6,0
"2024-10-30 12:00:00",0.828125,4.8,0
"2024-10-30 12:15:00",0.945313,4.6,0
"2024-10-30 12:30:00",0.989258,4.5,0
"2024-10-30 12:45:00",0.999023,4.5,0
"2024-10-30 13:00:00",1,4.4,0
"2024-10-30 13:15:00",1,4.2,0
"2024-10-30 13:30:00",1,4.3,0
"2024-10-30 13:45:00",1,4.5,0
"2024-10-30 14:00:00",1,4.5,0
"2024-10-30 14:15:00",1,4.3,0
"2024-10-30 14:30:00",1,4.5,0
"2024-10-30 14:45:00",1,4.7,0
"2024-10-30 15:00:00",1,4.5,0
"2024-10-30 15:15:00",1,4.5,0
"2024-10-30 15:30:00",1,4.3,0
"2024-10-30 15:45:00",1,4.3,0
"2024-10-30 16:00:00",0.000977,4.5,0
"2024-10-30 16:15:00",0.000977,4.5,0
"2024-10-30 16:30:00",0.000977,4.3,0
"2024-10-30 16:45:00",0.000977,4.3,0
"2024-10-30 17:00:00",0.000977,4,0
"2024-10-30 17:15:00",0.010742,4.5,0
"2024-10-30 17:30:00",0.010742,4.3,0
"2024-10-30 17:45:00",0.054687,4.4,0
"2024-10-30 18:00:00",0.171875,4.4,0
"2024-10-30 18:15:00",0.376953,4.3,0
"2024-10-30 18:30:00",0.623047,4.7,0
"2024-10-30 18:45:00",0.828125,4.3,0
"2024-10-30 19:00:00",0.945313,4.4,0
"2024-10-30 19:15:00",0.989258,4.4,0
"2024-10-30 19:30:00",0.999023,4.4,0
"2024-10-30 19:45:00",0.999023,4.5,0
"2024-10-30 20:00:00",1,4.5,0
"2024-10-30 20:15:00",1,4.5,0
"2024-10-30 20:30:00",1,4.7,0
"2024-10-30 20:45:00",1,4.5,0
"2024-10-30 21:00:00",1,4.3,0
"2024-10-30 21:15:00",1,4.8,0
"2024-10-30 21:30:00",1,4.2,0
"2024-10-30 21:45:00",1,4.5,0
"2024-10-30 22:00:00",1,4.3,0
"2024-10-30 22:15:00",1,4.4,0
"2024-10-30 22:30:00",1,4.3,0
"2024-10-30 22:45:00",1,4.5,0
"2024-10-30 23:00:00",0.010742,4.4,0
"2024-10-30 23:15:00",0.010742,4.3,0
"2024-10-30 23:30:00",0.010742,4.5,0
"2024-10-30 23:45:00",0.010742,4.3,0
"2024-10-31 00:00:00",0.010742,4.2,0
"2024-10-31 00:15:00",0.010742,4.2,0
"2024-10-31 00:30:00",0.010742,4.2,0
"2024-10-31 00:45:00",0.010742,4.5,0
"2024-10-31 01:00:00",0.010742,4.4,0
"2024-10-31 01:15:00",0.010742,4.3,0
"2024-10-31 01:30:00",0.000977,4.3,0
"2024-10-31 01:45:00",0.000977,4.5,0
"2024-10-31 02:00:00",0.000977,4.2,0
"2024-10-31 02:15:00",0.000977,4.2,0
"2024-10-31 02:30:00",0.000977,4.1,0
"2024-10-31 02:45:00",0.010742,4.2,0
"2024-10-31 03:00:00",0.010742,4.3,0
"2024-10-31 03:15:00",0.010742,4.5,0
"2024-10-31 03:30:00",0.010742,4,0
"2024-10-31 03:45:00",0.010742,4.5,0
"2024-10-31 04:00:00",0.010742,4.3,0
"2024-10-31 04:15:00",0.010742,4.1,0
"2024-10-31 04:30:00",0.054687,4.2,0
"2024-10-31 04:45:00",0.054687,4.3,0
"2024-10-31 05:00:00",0.054687,3.9,0
"2024-10-31 05:15:00",0.054687,3.9,0
"2024-10-31 05:30:00",0.171875,4,0
"2024-10-31 05:45:00",0.376953,4.2,0
"2024-10-31 06:00:00",0.376953,4,0
"2024-10-31 06:15:00",0.376953,4,0
"2024-10-31 06:30:00",0.623047,4,0
"2024-10-31 06:45:00",0.828125,4.1,0
"2024-10-31 07:00:00",0.828125,4,0
"2024-10-31 07:15:00",0.945313,4.3,0
"2024-10-31 07:30:00",0.945313,4.2,0
"2024-10-31 07:45:00",0.828125,3.9,0
"2024-10-31 08:00:00",0.623047,4,0
"2024-10-31 08:15:00",0.623047,3.9,0
"2024-10-31 08:30:00",0.828125,4.2,0
"2024-10-31 08:45:00",0.828125,3.9,0
"2024-10-31 09:00:00",0.828125,4.1,0
"2024-10-31 09:15:00",0.623047,4,0
"2024-10-31 09:30:00",0.376953,4,0
"2024-10-31 09:45:00",0.171875,3.9,0
"2024-10-31 10:00:00",0.171875,3.9,0
"2024-10-31 10:15:00",0.171875,4,0
"2024-10-31 10:30:00",0.171875,4.1,0
"2024-10-31 10:45:00",0.171875,4.5,0
"2024-10-31 11:00:00",0.171875,4.2,0
"2024-10-31 11:15:00",0.376953,4,0
"2024-10-31 11:30:00",0.376953,4.1,0
"2024-10-31 11:45:00",0.623047,4,0
"2024-10-31 12:00:00",0.828125,4,0
"2024-10-31 12:15:00",0.945313,4,0
"2024-10-31 12:30:00",0.989258,3.9,0
"2024-10-31 12:45:00",0.999023,3.9,0
"2024-10-31 13:00:00",1,3.9,0
"2024-10-31 13:15:00",1,4,0
"2024-10-31 13:30:00",1,3.9,0
"2024-10-31 13:45:00",1,3.9,0
"2024-10-31 14:00:00",1,3.8,0
"2024-10-31 14:15:00",1,3.8,0
"2024-10-31 14:30:00",1,3.9,0
"2024-10-31 14:45:00",1,3.6,0
"2024-10-31 15:00:00",1,3.6,0
"2024-10-31 15:15:00",1,3.7,0
"2024-10-31 15:30:00",1,3.7,0
"2024-10-31 15:45:00",1,3.7,0
"2024-10-31 16:00:00",0.000977,3.6,0
"2024-10-31 16:15:00",0.000977,3.5,0
"2024-10-31 16:30:00",0.000977,3.6,0
"2024-10-31 16:45:00",0.000977,3.8,0
"2024-10-31 17:00:00",0.000977,4.2,0
"2024-10-31 17:15:00",0.010742,3.6,0
"2024-10-31 17:30:00",0.010742,3.8,0
"2024-10-31 17:45:00",0.010742,3.8,0
"2024-10-31 18:00:00",0.010742,3.6,0
"2024-10-31 18:15:00",0.010742,3.7,0
"2024-10-31 18:30:00",0.010742,3.6,0
"2024-10-31 18:45:00",0.010742,3.9,0
"2024-10-31 19:00:00",0.010742,3.9,0
"2024-10-31 19:15:00",0.010742,3.7,0
"2024-10-31 19:30:00",0.010742,3.6,0
"2024-10-31 19:45:00",0.000977,3.6,0
"2024-10-31 20:00:00",0.000977,3.9,0
"2024-10-31 20:15:00",0.000977,3.8,0
"2024-10-31 20:30:00",0.000977,3.9,0
"2024-10-31 20:45:00",0.010742,3.9,0
"2024-10-31 21:00:00",0.054687,4,0
"2024-10-31 21:15:00",0.171875,3.8,0
"2024-10-31 21:30:00",0.376953,3.9,0
"2024-10-31 21:45:00",0.623047,3.9,0
"2024-10-31 22:00:00",0.828125,4.2,0
"2024-10-31 22:15:00",0.945313,3.7,0
"2024-10-31 22:30:00",0.989258,3.9,0
"2024-10-31 22:45:00",0.999023,3.9,0
"2024-10-31 23:00:00",1,3.7,0
"2024-10-31 23:15:00",1,3.7,0
"2024-10-31 23:30:00",1,3.7,0
"2024-10-31 23:45:00",1,3.6,0
"2024-11-01 00:00:00",1,3.4,0
"2024-11-01 00:15:00",1,3.7,0
"2024-11-01 00:30:00",1,3.6,0
"2024-11-01 00:45:00",1,3.8,0
"2024-11-01 01:00:00",1,3.6,0
"2024-11-01 01:15:00",1,3.8,0
"2024-11-01 01:30:00",1,3.6,0
"2024-11-01 01:45:00",1,3.4,0
"2024-11-01 02:00:00",0.000977,3.4,0
"2024-11-01 02:15:00",0.000977,3.6,0
"2024-11-01 02:30:00",0.000977,3.7,0
"2024-11-01 02:45:00",0.000977,3.3,0
"2024-11-01 03:00:00",0.010742,3.4,0
"2024-11-01 03:15:00",0.010742,3.6,0
"2024-11-01 03:30:00",0.010742,3.4,0
"2024-11-01 03:45:00",0.010742,3.4,0
"2024-11-01 04:00:00",0.010742,3.4,0
"2024-11-01 04:15:00",0.010742,3.4,0
"2024-11-01 04:30:00",0.010742,3.6,0
"2024-11-01 04:45:00",0.010742,3.5,0
"2024-11-01 05:00:00",0.010742,3.3,0
"2024-11-01 05:15:00",0.010742,4.2,0
"2024-11-01 05:30:00",0.010742,3.6,0
"2024-11-01 05:45:00",0.010742,3.2,0
"2024-11-01 06:00:00",0.054687,3.3,0
"2024-11-01 06:15:00",0.054687,3.2,0
"2024-11-01 06:30:00",0.054687,3.4,0
"2024-11-01 06:45:00",0.054687,3.6,0
"2024-11-01 07:00:00",0.054687,3.3,0
"2024-11-01 07:15:00",0.054687,3.6,0
"2024-11-01 07:30:00",0.054687,3.4,0
"2024-11-01 07:45:00",0.054687,3.3,0
"2024-11-01 08:00:00",0.010742,3.4,0
"2024-11-01 08:15:00",0.010742,3.4,0
"2024-11-01 08:30:00",0.000977,3.5,0
"2024-11-01 08:45:00",0.000977,3.4,0
"2024-11-01 09:00:00",0.000977,3.3,0
"2024-11-01 09:15:00",0.000977,3.2,0
"2024-11-01 09:30:00",0.000977,3.6,0
"2024-11-01 09:45:00",0.000977,3.6,0
"2024-11-01 10:00:00",0.010742,3.5,0
"2024-11-01 10:15:00",0.054687,3.4,0
"2024-11-01 10:30:00",0.054687,3.2,0
"2024-11-01 10:45:00",0.054687,3.7,0
"2024-11-01 11:00:00",0.054687,3.5,0
"2024-11-01 11:15:00",0.054687,3.3,0
"2024-11-01 11:30:00",0.054687,3.5,0
"2024-11-01 11:45:00",0.054687,3.4,0
"2024-11-01 12:00:00",0.054687,3.5,0
"2024-11-01 12:15:00",0.054687,3.6,0
"2024-11-01 12:30:00",0.010742,3.4,0
"2024-11-01 12:45:00",0.000977,3.3,0
"2024-11-01 13:00:00",0.000977,3.4,0
"2024-11-01 13:15:00",0.000977,3.3,0
"2024-11-01 13:30:00",0.000977,3.2,0
"2024-11-01 13:45:00",0.000977,3.2,0
"2024-11-01 14:00:00",0.010742,3.1,0
"2024-11-01 14:15:00",0.054687,3.4,0
"2024-11-01 14:30:00",0.171875,3.5,0
"2024-11-01 14:45:00",0.376953,3.5,0
"2024-11-01 15:00:00",0.623047,3.3,0
"2024-11-01 15:15:00",0.828125,3.5,0
"2024-11-01 15:30:00",0.945313,3.3,0
"2024-11-01 15:45:00",0.989258,3.5,0
"2024-11-01 16:00:00",0.999023,3.2,0
"2024-11-01 16:15:00",1,3.4,0
"2024-11-01 16:30:00",1,3.7,0
"2024-11-01 16:45:00",1,3,0
"2024-11-01 17:00:00",1,3.2,0
"2024-11-01 17:15:00",1,3.4,0
"2024-11-01 17:30:00",1,2.9,0
"2024-11-01 17:45:00",1,3.2,0
"2024-11-01 18:00:00",1,3.2,0
"2024-11-01 18:15:00",1,3.4,0
"2024-11-01 18:30:00",1,3.4,0
"2024-11-01 18:45:00",1,3.3,0
"2024-11-01 19:00:00",1,3.3,0
"2024-11-01 19:15:00",0.000977,3.4,0
"2024-11-01 19:30:00",0.000977,3.3,0
"2024-11-01 19:45:00",0.000977,3.7,0
"2024-11-01 20:00:00",0.000977,3.4,0
"2024-11-01 20:15:00",0.000977,3.4,0
"2024-11-01 20:30:00",0.010742,3.6,0
"2024-11-01 20:45:00",0.054687,3.4,0
"2024-11-01 21:00:00",0.171875,3.2,0
"2024-11-01 21:15:00",0.376953,3.4,0
"2024-11-01 21:30:00",0.623047,3.5,0
"2024-11-01 21:45:00",0.828125,3.6,0
"2024-11-01 22:00:00",0.945313,3.6,0
"2024-11-01 22:15:00",0.989258,3.6,0
"2024-11-01 22:30:00",0.999023,3.4,0
"2024-11-01 22:45:00",1,3.6,0
"2024-11-01 23:00:00",1,3.5,0
"2024-11-01 23:15:00",1,3.6,0
"2024-11-01 23:30:00",1,3.4,0
"2024-11-01 23:45:00",1,3.6,0
"2024-11-02 00:00:00",1,3.7,0
"2024-11-02 00:15:00",1,3.4,0
"2024-11-02 00:30:00",1,3.4,0
"2024-11-02 00:45:00",1,3.3,0
"2024-11-02 01:00:00",1,3.6,0
"2024-11-02 01:15:00",1,3.6,0
"2024-11-02 01:30:00",1,3.6,0
"2024-11-02 01:45:00",0.000977,3.4,0
"2024-11-02 02:00:00",0.000977,3.6,0
"2024-11-02 02:15:00",0.000977,3.4,0
"2024-11-02 02:30:00",0.000977,3.4,0
"2024-11-02 02:45:00",0.000977,3.4,0
"2024-11-02 03:00:00",0.000977,3.3,0
"2024-11-02 03:15:00",0.000977,3.4,0
"2024-11-02 03:30:00",0.000977,3.6,0
"2024-11-02 03:45:00",0.000977,3.4,0
"2024-11-02 04:00:00",0.000977,3.5,0
"2024-11-02 04:15:00",0.000977,3.4,0
"2024-11-02 04:30:00",0.000977,3.5,0
"2024-11-02 04:45:00",0.000977,3.3,0
"2024-11-02 05:00:00",0.000977,3.4,0
"2024-11-02 05:15:00",0.000977,3.4,0
"2024-11-02 05:30:00",0.000977,3.3,0
"2024-11-02 05:45:00",0.010742,3.3,0
"2024-11-02 06:00:00",0.054687,3.2,0
"2024-11-02 06:15:00",0.171875,3.3,0
"2024-11-02 06:30:00",0.376953,3.3,0
"2024-11-02 06:45:00",0.623047,3.4,0
"2024-11-02 07:00:00",0.828125,3.5,0
"2024-11-02 07:15:00",0.945313,3.4,0
"2024-11-02 07:30:00",0.989258,3.2,0
"2024-11-02 07:45:00",0.999023,3.2,0
"2024-11-02 08:00:00",1,3.4,0
"2024-11-02 08:15:00",1,3.2,0
"2024-11-02 08:30:00",1,3.5,0
"2024-11-02 08:45:00",1,3.4,0
"2024-11-02 09:00:00",1,3.2,0
"2024-11-02 09:15:00",1,3.2,0
"2024-11-02 09:30:00",1,3.3,0
"2024-11-02 09:45:00",1,3.2,0
"2024-11-02 10:00:00",1,3.3,0
"2024-11-02 10:15:00",1,3.3,0
"2024-11-02 10:30:00",1,3.2,0
"2024-11-02 10:45:00",1,3.5,0
"2024-11-02 11:00:00",0.010742,3.2,0
"2024-11-02 11:15:00",0.010742,3.2,0
"2024-11-02 11:30:00",0.010742,3.2,0
"2024-11-02 11:45:00",0.010742,3.2,0
"2024-11-02 12:00:00",0.010742,3.3,0
"2024-11-02 12:15:00",0.010742,3.1,0
"2024-11-02 12:30:00",0.010742,3.2,0
"2024-11-02 12:45:00",0.010742,3.3,0
"2024-11-02 13:00:00",0.010742,3.3,0
"2024-11-02 13:15:00",0.010742,3.4,0
"2024-11-02 13:30:00",0.000977,3.1,0
"2024-11-02 13:45:00",0.010742,3.3,0
"2024-11-02 14:00:00",0.010742,3.1,0
"2024-11-02 14:15:00",0.010742,3.1,0
"2024-11-02 14:30:00",0.010742,3.2,0
"2024-11-02 14:45:00",0.010742,3.1,0
"2024-11-02 15:00:00",0.010742,3.1,0
"2024-11-02 15:15:00",0.010742,3.2,0
"2024-11-02 15:30:00",0.010742,2.8,0
"2024-11-02 15:45:00",0.054687,3,0
"2024-11-02 16:00:00",0.054687,2.9,0
"2024-11-02 16:15:00",0.010742,3.1,0
"2024-11-02 16:30:00",0.010742,3.2,0
"2024-11-02 16:45:00",0.010742,3.1,0
"2024-11-02 17:00:00",0.010742,3.1,0
"2024-11-02 17:15:00",0.010742,3.1,0
"2024-11-02 17:30:00",0.010742,2.9,0
"2024-11-02 17:45:00",0.010742,3.2,0
"2024-11-02 18:00:00",0.010742,3.4,0
"2024-11-02 18:15:00",0.000977,3.2,0
"2024-11-02 18:30:00",0.000977,3.1,0
"2024-11-02 18:45:00",0.000977,3.1,0
"2024-11-02 19:00:00",0.000977,3.1,0
"2024-11-02 19:15:00",0.000977,3.2,0
"2024-11-02 19:30:00",0.000977,3.2,0
"2024-11-02 19:45:00",0.000977,2.8,0
"2024-11-02 20:00:00",0.010742,3,0
"2024-11-02 20:15:00",0.010742,3.2,0
"2024-11-02 20:30:00",0.054687,3.2,0
"2024-11-02 20:45:00",0.171875,3.3,0
"2024-11-02 21:00:00",0.376953,3.5,0
"2024-11-02 21:15:00",0.623047,3.4,0
"2024-11-02 21:30:00",0.828125,3.1,0
"2024-11-02 21:45:00",0.945313,3.4,0
"2024-11-02 22:00:00",0.989258,3.3,0
"2024-11-02 22:15:00",0.999023,3.2,0
"2024-11-02 22:30:00",0.999023,3.3,0
"2024-11-02 22:45:00",1,3.1,0
"2024-11-02 23:00:00",1,3.2,0
"2024-11-02 23:15:00",1,3.1,0
"2024-11-02 23:30:00",1,3.4,0
"2024-11-02 23:45:00",1,3.2,0
"2024-11-03 00:00:00",1,3.2,0
"2024-11-03 00:15:00",1,3.4,0
"2024-11-03 00:30:00",1,3.3,0
"2024-11-03 00:45:00",1,3.3,0
"2024-11-03 01:00:00",1,3.3,0
"2024-11-03 01:15:00",1,3,0
"2024-11-03 01:30:00",1,3.2,0
"2024-11-03 01:45:00",0.000977,3.2,0
"2024-11-03 02:00:00",0.000977,3.3,0
"2024-11-03 02:15:00",0.000977,3.5,0
"2024-11-03 02:30:00",0.010742,3.3,0
"2024-11-03 02:45:00",0.054687,3.1,0
"2024-11-03 03:00:00",0.054687,3.2,0
"2024-11-03 03:15:00",0.054687,3.1,0
"2024-11-03 03:30:00",0.054687,3.3,0
"2024-11-03 03:45:00",0.054687,3.2,0
"2024-11-03 04:00:00",0.054687,3.2,0
"2024-11-03 04:15:00",0.054687,3.4,0
"2024-11-03 04:30:00",0.054687,3.3,0
"2024-11-03 04:45:00",0.054687,3.4,0
"2024-11-03 05:00:00",0.054687,3.1,0
"2024-11-03 05:15:00",0.054687,3.2,0
"2024-11-03 05:30:00",0.171875,3.2,0
"2024-11-03 05:45:00",0.376953,3.2,0
"2024-11-03 06:00:00",0.623047,3.1,0
"2024-11-03 06:15:00",0.828125,3.2,0
"2024-11-03 06:30:00",0.945313,3,0
"2024-11-03 06:45:00",0.989258,3.1,0
"2024-11-03 07:00:00",0.999023,3.2,0
"2024-11-03 07:15:00",1,3.2,0
"2024-11-03 07:30:00",1,3.2,0
"2024-11-03 07:45:00",1,3.2,0
"2024-11-03 08:00:00",1,2.9,0
"2024-11-03 08:15:00",1,3.2,0
"2024-11-03 08:30:00",1,3.2,0
"2024-11-03 08:45:00",1,3.2,0
"2024-11-03 09:00:00",1,2.9,0
"2024-11-03 09:15:00",1,3.2,0
"2024-11-03 09:30:00",1,2.9,0
"2024-11-03 09:45:00",1,3,0
"2024-11-03 10:00:00",1,3,0
"2024-11-03 10:15:00",0.000977,3.1,0
"2024-11-03 10:30:00",0.000977,3.2,0
"2024-11-03 10:45:00",0.000977,3,0
"2024-11-03 11:00:00",0.010742,3.2,0
"2024-11-03 11:15:00",0.010742,3.1,0
"2024-11-03 11:30:00",0.010742,3.1,0
"2024-11-03 11:45:00",0.010742,3,0
"2024-11-03 12:00:00",0.010742,3.2,0
"2024-11-03 12:15:00",0.010742,3.1,0
"2024-11-03 12:30:00",0.010742,3.1,0
"2024-11-03 12:45:00",0.010742,3.1,0
"2024-11-03 13:00:00",0.010742,3.1,0
"2024-11-03 13:15:00",0.010742,3.1,0
"2024-11-03 13:30:00",0.000977,3.1,0
"2024-11-03 13:45:00",0.000977,3.3,0
"2024-11-03 14:00:00",0.000977,3,0
"2024-11-03 14:15:00",0.000977,3.1,0
"2024-11-03 14:30:00",0.010742,3.1,0
"2024-11-03 14:45:00",0.054687,3.2,0
"2024-11-03 15:00:00",0.171875,3.2,0
"2024-11-03 15:15:00",0.376953,3.2,0
"2024-11-03 15:30:00",0.623047,3.2,0
"2024-11-03 15:45:00",0.828125,3.1,0
"2024-11-03 16:00:00",0.945313,3,0
"2024-11-03 16:15:00",0.989258,3.1,0
"2024-11-03 16:30:00",0.999023,3.1,0
"2024-11-03 16:45:00",1,3,0
"2024-11-03 17:00:00",1,3.1,0
"2024-11-03 17:15:00",1,2.9,0
"2024-11-03 17:30:00",1,3,0
"2024-11-03 17:45:00",1,3.1,0
"2024-11-03 18:00:00",1,3.3,0
"2024-11-03 18:15:00",1,3.3,0
"2024-11-03 18:30:00",1,3.1,0
"2024-11-03 18:45:00",1,2.9,0
"2024-11-03 19:00:00",1,3.2,0
"2024-11-03 19:15:00",1,3.2,0
"2024-11-03 19:30:00",1,3.1,0
"2024-11-03 19:45:00",0.000977,3.2,0
"2024-11-03 20:00:00",0.000977,3,0
"2024-11-03 20:15:00",0.000977,3.8,0
"2024-11-03 20:30:00",0.010742,3.3,0
"2024-11-03 20:45:00",0.054687,3.3,0
"2024-11-03 21:00:00",0.171875,3.1,0
"2024-11-03 21:15:00",0.171875,3.3,0
"2024-11-03 21:30:00",0.171875,3.2,0
"2024-11-03 21:45:00",0.171875,3.2,0
"2024-11-03 22:00:00",0.171875,3.3,0
"2024-11-03 22:15:00",0.171875,3.2,0
"2024-11-03 22:30:00",0.171875,3.4,0
"2024-11-03 22:45:00",0.171875,3.1,0
"2024-11-03 23:00:00",0.054687,3.2,0
"2024-11-03 23:15:00",0.010742,3.3,0
"2024-11-03 23:30:00",0.000977,3.1,0
"2024-11-03 23:45:00",0.000977,3.3,0
"2024-11-04 00:00:00",0.000977,3.2,0
"2024-11-04 00:15:00",0.000977,3.3,0
"2024-11-04 00:30:00",0.000977,3.1,0
"2024-11-04 00:45:00",0.000977,3.2,0
"2024-11-04 01:00:00",0.000977,3.6,0
"2024-11-04 01:15:00",0.010742,3.4,0
"2024-11-04 01:30:00",0.010742,3.1,0
"2024-11-04 01:45:00",0.010742,3.2,0
"2024-11-04 02:00:00",0.010742,3.2,0
"2024-11-04 02:15:00",0.010742,3.5,0
"2024-11-04 02:30:00",0.054687,3.2,0
"2024-11-04 02:45:00",0.054687,3.4,0
"2024-11-04 03:00:00",0.054687,3.4,0
"2024-11-04 03:15:00",0.054687,3.1,0
"2024-11-04 03:30:00",0.054687,3.4,0
"2024-11-04 03:45:00",0.010742,3.4,0
"2024-11-04 04:00:00",0.010742,3.2,0
"2024-11-04 04:15:00",0.010742,3.2,0
"2024-11-04 04:30:00",0.010742,3.2,0
"2024-11-04 04:45:00",0.010742,3.3,0
"2024-11-04 05:00:00",0.000977,3.4,0
"2024-11-04 05:15:00",0.000977,3.1,0
"2024-11-04 05:30:00",0.000977,3.2,0
"2024-11-04 05:45:00",0.000977,3.4,0
"2024-11-04 06:00:00",0.000977,3.2,0
"2024-11-04 06:15:00",0.000977,3,0
"2024-11-04 06:30:00",0.000977,3.4,0
"2024-11-04 06:45:00",0.000977,3.3,0
"2024-11-04 07:00:00",0.000977,3.1,0
"2024-11-04 07:15:00",0.000977,3.1,0
"2024-11-04 07:30:00",0.000977,3.1,0
"2024-11-04 07:45:00",0.000977,3.1,0
"2024-11-04 08:00:00",0.000977,3.7,0
"2024-11-04 08:15:00",0.010742,3.1,0
"2024-11-04 08:30:00",0.010742,3.2,0
"2024-11-04 08:45:00",0.010742,2.9,0
"2024-11-04 09:00:00",0.010742,3.2,0
"2024-11-04 09:15:00",0.010742,3.1,0
"2024-11-04 09:30:00",0.010742,3.2,0
"2024-11-04 09:45:00",0.010742,3.1,0
"2024-11-04 10:00:00",0.010742,3.2,0
"2024-11-04 10:15:00",0.010742,3.1,0
"2024-11-04 10:30:00",0.010742,3.1,0
"2024-11-04 10:45:00",0.000977,3.2,0
"2024-11-04 11:00:00",0.000977,3.8,0
"2024-11-04 11:15:00",0.010742,3.4,0
"2024-11-04 11:30:00",0.054687,3.2,0
"2024-11-04 11:45:00",0.171875,3.3,0
"2024-11-04 12:00:00",0.376953,3.5,0
"2024-11-04 12:15:00",0.623047,3.7,0
"2024-11-04 12:30:00",0.828125,3.2,0
"2024-11-04 12:45:00",0.945313,3.4,0
"2024-11-04 13:00:00",0.989258,3.1,0
"2024-11-04 13:15:00",0.999023,3.2,0
"2024-11-04 13:30:00",1,3.2,0
"2024-11-04 13:45:00",1,3.2,0
"2024-11-04 14:00:00",1,3.2,0
"2024-11-04 14:15:00",1,3.2,0
"2024-11-04 14:30:00",1,3,0
"2024-11-04 14:45:00",1,3.2,0
"2024-11-04 15:00:00",1,3.3,0
"2024-11-04 15:15:00",1,3.3,0
"2024-11-04 15:30:00",1,3.2,0
"2024-11-04 15:45:00",1,3.3,0
"2024-11-04 16:00:00",1,3.4,0
"2024-11-04 16:15:00",1,3.3,0
"2024-11-04 16:30:00",0.000977,3.5,0
"2024-11-04 16:45:00",0.000977,3.4,0
"2024-11-04 17:00:00",0.000977,3.2,0
"2024-11-04 17:15:00",0.000977,3.2,0
"2024-11-04 17:30:00",0.000977,3.2,0
"2024-11-04 17:45:00",0.000977,3.2,0
"2024-11-04 18:00:00",0.000977,3.2,0
"2024-11-04 18:15:00",0.000977,2.9,0
"2024-11-04 18:30:00",0.000977,3.4,0
"2024-11-04 18:45:00",0.010742,3.2,0
"2024-11-04 19:00:00",0.010742,3.3,0
"2024-11-04 19:15:00",0.010742,3.3,0
"2024-11-04 19:30:00",0.010742,3.3,0
"2024-11-04 19:45:00",0.010742,3.2,0
"2024-11-04 20:00:00",0.010742,3.4,0
"2024-11-04 20:15:00",0.010742,3.4,0
"2024-11-04 20:30:00",0.010742,3.3,0
"2024-11-04 20:45:00",0.010742,3.2,0
"2024-11-04 21:00:00",0.010742,3.4,0
"2024-11-04 21:15:00",0.000977,3.3,0
"2024-11-04 21:30:00",0.000977,3.2,0
"2024-11-04 21:45:00",0.000977,3.3,0
"2024-11-04 22:00:00",0.000977,3.2,0
"2024-11-04 22:15:00",0.000977,3.4,0
"2024-11-04 22:30:00",0.000977,3.3,0
"2024-11-04 22:45:00",0.000977,4,0
"2024-11-04 23:00:00",0.010742,3.4,0
"2024-11-04 23:15:00",0.010742,3.3,0
"2024-11-04 23:30:00",0.010742,3.1,0
"2024-11-04 23:45:00",0.010742,3,0
"2024-11-05 00:00:00",0.054687,2.9,0
"2024-11-05 00:15:00",0.171875,3,0
"2024-11-05 00:30:00",0.376953,2.9,0
"2024-11-05 00:45:00",0.623047,3.1,0
"2024-11-05 01:00:00",0.828125,3.1,0
"2024-11-05 01:15:00",0.945313,3.1,0
"2024-11-05 01:30:00",0.945313,2.9,0
"2024-11-05 01:45:00",0.989258,2.9,0
"2024-11-05 02:00:00",0.999023,3,0
"2024-11-05 02:15:00",1,3.2,0
"2024-11-05 02:30:00",1,3,0
"2024-11-05 02:45:00",1,3,0
"2024-11-05 03:00:00",1,3.1,0
"2024-11-05 03:15:00",1,2.8,0
"2024-11-05 03:30:00",1,3.1,0
"2024-11-05 03:45:00",1,3.1,0
"2024-11-05 04:00:00",1,3.1,0
"2024-11-05 04:15:00",1,3,0
"2024-11-05 04:30:00",1,3.1,0
"2024-11-05 04:45:00",1,3.1,0
"2024-11-05 05:00:00",1,3,0
"2024-11-05 05:15:00",0.000977,2.8,0
"2024-11-05 05:30:00",0.000977,3.1,0
"2024-11-05 05:45:00",0.000977,3.1,0
"2024-11-05 06:00:00",0.000977,2.8,0
"2024-11-05 06:15:00",0.010742,2.9,0
"2024-11-05 06:30:00",0.010742,2.8,0
"2024-11-05 06:45:00",0.010742,2.8,0
"2024-11-05 07:00:00",0.010742,2.9,0
"2024-11-05 07:15:00",0.010742,3.4,0
"2024-11-05 07:30:00",0.054687,3,0
"2024-11-05 07:45:00",0.054687,2.9,0
"2024-11-05 08:00:00",0.054687,2.9,0
"2024-11-05 08:15:00",0.054687,3.2,0
"2024-11-05 08:30:00",0.054687,3.1,0
"2024-11-05 08:45:00",0.010742,3.1,0
"2024-11-05 09:00:00",0.010742,2.8,0
"2024-11-05 09:15:00",0.010742,2.9,0
"2024-11-05 09:30:00",0.010742,2.9,0
"2024-11-05 09:45:00",0.010742,2.9,0
"2024-11-05 10:00:00",0.000977,2.9,0
"2024-11-05 10:15:00",0.000977,2.9,0
"2024-11-05 10:30:00",0.000977,2.9,0
"2024-11-05 10:45:00",0.000977,3.1,0
"2024-11-05 11:00:00",0.000977,3.1,0
"2024-11-05 11:15:00",0.000977,2.9,0
"2024-11-05 11:30:00",0.000977,3,0
