"      Date","    Time","Temp","SpCond","Turbidity","DateTime"
"06/10/2024","13:45:50",13.31,486,3.2,2024-10-06 13:45:50
"06/10/2024","14:00:50",13.38,485,3.2,2024-10-06 14:00:50
"06/10/2024","14:15:50",13.43,485,3.2,2024-10-06 14:15:50
"06/10/2024","14:30:50",13.48,484,3.2,2024-10-06 14:30:50
"06/10/2024","14:45:50",13.53,484,2.8,2024-10-06 14:45:50
"06/10/2024","15:00:50",13.57,483,2.9,2024-10-06 15:00:50
"06/10/2024","15:15:50",13.6,483,3.2,2024-10-06 15:15:50
"06/10/2024","15:30:50",13.66,483,3.3,2024-10-06 15:30:50
"06/10/2024","15:45:50",13.7,482,3.5,2024-10-06 15:45:50
"06/10/2024","16:00:50",13.72,482,3.2,2024-10-06 16:00:50
"06/10/2024","16:15:50",13.72,482,3.2,2024-10-06 16:15:50
"06/10/2024","16:30:50",13.73,483,3.1,2024-10-06 16:30:50
"06/10/2024","16:45:50",13.73,483,3.5,2024-10-06 16:45:50
"06/10/2024","17:00:50",13.72,483,3.4,2024-10-06 17:00:50
"06/10/2024","17:15:50",13.72,484,2.9,2024-10-06 17:15:50
"06/10/2024","17:30:50",13.7,484,3,2024-10-06 17:30:50
"06/10/2024","17:45:50",13.68,485,2.9,2024-10-06 17:45:50
"06/10/2024","18:00:50",13.64,485,3.1,2024-10-06 18:00:50
"06/10/2024","18:15:50",13.6,486,3.1,2024-10-06 18:15:50
"06/10/2024","18:30:50",13.57,487,2.7,2024-10-06 18:30:50
"06/10/2024","18:45:50",13.54,487,3.1,2024-10-06 18:45:50
"06/10/2024","19:00:50",13.51,488,2.8,2024-10-06 19:00:50
"06/10/2024","19:15:50",13.48,488,2.9,2024-10-06 19:15:50
"06/10/2024","19:30:51",13.44,489,2.5,2024-10-06 19:30:51
"06/10/2024","19:45:50",13.42,489,2.8,2024-10-06 19:45:50
"06/10/2024","20:00:50",13.39,490,2.6,2024-10-06 20:00:50
"06/10/2024","20:15:50",13.36,490,2.8,2024-10-06 20:15:50
"06/10/2024","20:30:50",13.34,491,2.8,2024-10-06 20:30:50
"06/10/2024","20:45:50",13.31,491,2.8,2024-10-06 20:45:50
"06/10/2024","21:00:51",13.28,492,2.7,2024-10-06 21:00:51
"06/10/2024","21:15:50",13.25,492,3,2024-10-06 21:15:50
"06/10/2024","21:30:50",13.23,492,2.7,2024-10-06 21:30:50
"06/10/2024","21:45:50",13.2,493,2.7,2024-10-06 21:45:50
"06/10/2024","22:00:50",13.18,493,2.6,2024-10-06 22:00:50
"06/10/2024","22:15:50",13.15,493,2.6,2024-10-06 22:15:50
"06/10/2024","22:30:50",13.13,494,2.6,2024-10-06 22:30:50
"06/10/2024","22:45:51",13.12,494,2.3,2024-10-06 22:45:51
"06/10/2024","23:00:51",13.11,495,2.7,2024-10-06 23:00:51
"06/10/2024","23:15:50",13.1,495,2.7,2024-10-06 23:15:50
"06/10/2024","23:30:50",13.1,495,2.5,2024-10-06 23:30:50
"06/10/2024","23:45:50",13.09,495,2.6,2024-10-06 23:45:50
"07/10/2024","00:00:50",13.09,495,2.5,2024-10-07 00:00:50
"07/10/2024","00:15:50",13.09,495,4.3,2024-10-07 00:15:50
"07/10/2024","00:30:50",13.09,495,2.6,2024-10-07 00:30:50
"07/10/2024","00:45:50",13.08,495,2.6,2024-10-07 00:45:50
"07/10/2024","01:00:50",13.08,495,2.5,2024-10-07 01:00:50
"07/10/2024","01:15:50",13.07,495,2.7,2024-10-07 01:15:50
"07/10/2024","01:30:50",13.06,495,2.6,2024-10-07 01:30:50
"07/10/2024","01:45:50",13.05,495,2.6,2024-10-07 01:45:50
"07/10/2024","02:00:50",13.03,495,2.5,2024-10-07 02:00:50
"07/10/2024","02:15:50",13,495,2.6,2024-10-07 02:15:50
"07/10/2024","02:30:50",12.98,495,2.6,2024-10-07 02:30:50
"07/10/2024","02:45:50",12.95,495,2.6,2024-10-07 02:45:50
"07/10/2024","03:00:51",12.94,495,2.7,2024-10-07 03:00:51
"07/10/2024","03:15:51",12.92,495,2.5,2024-10-07 03:15:51
"07/10/2024","03:30:51",12.9,495,2.8,2024-10-07 03:30:51
"07/10/2024","03:45:50",12.88,495,2.6,2024-10-07 03:45:50
"07/10/2024","04:00:50",12.86,495,2.8,2024-10-07 04:00:50
"07/10/2024","04:15:50",12.85,495,2.6,2024-10-07 04:15:50
"07/10/2024","04:30:50",12.85,495,2.6,2024-10-07 04:30:50
"07/10/2024","04:45:50",12.84,494,2.8,2024-10-07 04:45:50
"07/10/2024","05:00:50",12.84,494,2.8,2024-10-07 05:00:50
"07/10/2024","05:15:50",12.83,494,2.7,2024-10-07 05:15:50
"07/10/2024","05:30:50",12.83,494,2.8,2024-10-07 05:30:50
"07/10/2024","05:45:50",12.83,494,2.8,2024-10-07 05:45:50
"07/10/2024","06:00:50",12.83,494,2.8,2024-10-07 06:00:50
"07/10/2024","06:15:50",12.83,493,2.9,2024-10-07 06:15:50
"07/10/2024","06:30:50",12.82,493,3.5,2024-10-07 06:30:50
"07/10/2024","06:45:50",12.82,493,2.9,2024-10-07 06:45:50
"07/10/2024","07:00:51",12.82,493,2.9,2024-10-07 07:00:51
"07/10/2024","07:15:50",12.82,493,2.9,2024-10-07 07:15:50
"07/10/2024","07:30:51",12.81,493,3.1,2024-10-07 07:30:51
"07/10/2024","07:45:51",12.8,493,2.8,2024-10-07 07:45:51
"07/10/2024","08:00:50",12.79,493,3,2024-10-07 08:00:50
"07/10/2024","08:15:50",12.79,492,3.1,2024-10-07 08:15:50
"07/10/2024","08:30:50",12.8,492,2.9,2024-10-07 08:30:50
"07/10/2024","08:45:50",12.81,492,2.9,2024-10-07 08:45:50
"07/10/2024","09:00:51",12.82,492,3,2024-10-07 09:00:51
"07/10/2024","09:15:50",12.82,492,2.9,2024-10-07 09:15:50
"07/10/2024","09:30:50",12.82,492,3.1,2024-10-07 09:30:50
"07/10/2024","09:45:50",12.83,492,3.4,2024-10-07 09:45:50
"07/10/2024","10:00:50",12.84,492,3.1,2024-10-07 10:00:50
"07/10/2024","10:15:50",12.86,492,3,2024-10-07 10:15:50
"07/10/2024","10:30:50",12.87,493,3.1,2024-10-07 10:30:50
"07/10/2024","10:45:50",12.88,492,3.8,2024-10-07 10:45:50
"07/10/2024","11:00:51",12.9,492,3.2,2024-10-07 11:00:51
"07/10/2024","11:15:51",12.93,492,3.1,2024-10-07 11:15:51
"07/10/2024","11:30:50",12.96,492,3.5,2024-10-07 11:30:50
"07/10/2024","11:45:50",12.97,492,3.2,2024-10-07 11:45:50
"07/10/2024","12:00:50",13,492,3.1,2024-10-07 12:00:50
"07/10/2024","12:15:50",13.03,492,3.8,2024-10-07 12:15:50
"07/10/2024","12:30:50",13.05,492,3.2,2024-10-07 12:30:50
"07/10/2024","12:45:50",13.08,492,3.2,2024-10-07 12:45:50
"07/10/2024","13:00:50",13.12,491,3.1,2024-10-07 13:00:50
"07/10/2024","13:15:50",13.15,491,2.9,2024-10-07 13:15:50
"07/10/2024","13:30:50",13.19,491,3.1,2024-10-07 13:30:50
"07/10/2024","13:45:50",13.23,491,3.7,2024-10-07 13:45:50
"07/10/2024","14:00:51",13.28,491,3.4,2024-10-07 14:00:51
"07/10/2024","14:15:51",13.32,491,3,2024-10-07 14:15:51
"07/10/2024","14:30:50",13.35,490,3.2,2024-10-07 14:30:50
"07/10/2024","14:45:50",13.38,490,3.6,2024-10-07 14:45:50
"07/10/2024","15:00:50",13.43,490,2.9,2024-10-07 15:00:50
"07/10/2024","15:15:50",13.45,490,3,2024-10-07 15:15:50
"07/10/2024","15:30:50",13.48,489,3,2024-10-07 15:30:50
"07/10/2024","15:45:50",13.49,490,2.9,2024-10-07 15:45:50
"07/10/2024","16:00:50",13.49,489,3,2024-10-07 16:00:50
"07/10/2024","16:15:50",13.48,489,3,2024-10-07 16:15:50
"07/10/2024","16:30:50",13.46,489,2.9,2024-10-07 16:30:50
"07/10/2024","16:45:50",13.46,489,3.1,2024-10-07 16:45:50
"07/10/2024","17:00:50",13.45,489,3,2024-10-07 17:00:50
"07/10/2024","17:15:50",13.44,489,3.1,2024-10-07 17:15:50
"07/10/2024","17:30:50",13.43,489,3,2024-10-07 17:30:50
"07/10/2024","17:45:50",13.43,489,2.8,2024-10-07 17:45:50
"07/10/2024","18:00:50",13.42,489,2.8,2024-10-07 18:00:50
"07/10/2024","18:15:50",13.41,489,2.8,2024-10-07 18:15:50
"07/10/2024","18:30:50",13.39,489,2.8,2024-10-07 18:30:50
"07/10/2024","18:45:50",13.36,490,2.8,2024-10-07 18:45:50
"07/10/2024","19:00:51",13.34,490,2.8,2024-10-07 19:00:51
"07/10/2024","19:15:50",13.33,490,3.3,2024-10-07 19:15:50
"07/10/2024","19:30:50",13.32,490,3.4,2024-10-07 19:30:50
"07/10/2024","19:45:50",13.32,490,3.2,2024-10-07 19:45:50
"07/10/2024","20:00:50",13.32,490,3.1,2024-10-07 20:00:50
"07/10/2024","20:15:50",13.32,490,3.3,2024-10-07 20:15:50
"07/10/2024","20:30:50",13.31,490,2.9,2024-10-07 20:30:50
"07/10/2024","20:45:51",13.31,490,2.8,2024-10-07 20:45:51
"07/10/2024","21:00:50",13.31,490,3.3,2024-10-07 21:00:50
"07/10/2024","21:15:50",13.31,491,2.9,2024-10-07 21:15:50
"07/10/2024","21:30:50",13.3,491,2.7,2024-10-07 21:30:50
"07/10/2024","21:45:50",13.29,491,2.8,2024-10-07 21:45:50
"07/10/2024","22:00:51",13.29,491,2.5,2024-10-07 22:00:51
"07/10/2024","22:15:50",13.28,491,2.8,2024-10-07 22:15:50
"07/10/2024","22:30:50",13.28,491,2.8,2024-10-07 22:30:50
"07/10/2024","22:45:50",13.28,491,2.8,2024-10-07 22:45:50
"07/10/2024","23:00:50",13.27,491,2.7,2024-10-07 23:00:50
"07/10/2024","23:15:50",13.26,492,150.5,2024-10-07 23:15:50
"07/10/2024","23:30:50",13.25,492,8.8,2024-10-07 23:30:50
"07/10/2024","23:45:50",13.24,492,5.2,2024-10-07 23:45:50
"08/10/2024","00:00:50",13.23,492,105.5,2024-10-08 00:00:50
"08/10/2024","00:15:50",13.22,493,89.2,2024-10-08 00:15:50
"08/10/2024","00:30:50",13.2,493,20,2024-10-08 00:30:50
"08/10/2024","00:45:50",13.19,493,11.2,2024-10-08 00:45:50
"08/10/2024","01:00:50",13.18,493,4.9,2024-10-08 01:00:50
"08/10/2024","01:15:51",13.17,493,542.6,2024-10-08 01:15:51
"08/10/2024","01:30:50",13.16,493,6.8,2024-10-08 01:30:50
"08/10/2024","01:45:50",13.14,493,5.6,2024-10-08 01:45:50
"08/10/2024","02:00:51",13.13,494,5.4,2024-10-08 02:00:51
"08/10/2024","02:15:50",13.13,494,79.8,2024-10-08 02:15:50
"08/10/2024","02:30:50",13.12,494,6,2024-10-08 02:30:50
"08/10/2024","02:45:50",13.11,494,110.1,2024-10-08 02:45:50
"08/10/2024","03:00:50",13.11,494,2.8,2024-10-08 03:00:50
"08/10/2024","03:15:50",13.11,494,2.9,2024-10-08 03:15:50
"08/10/2024","03:30:50",13.11,494,2.8,2024-10-08 03:30:50
"08/10/2024","03:45:50",13.1,493,2.9,2024-10-08 03:45:50
"08/10/2024","04:00:50",13.1,493,2.6,2024-10-08 04:00:50
"08/10/2024","04:15:51",13.1,493,2.9,2024-10-08 04:15:51
"08/10/2024","04:30:50",13.09,493,2.8,2024-10-08 04:30:50
"08/10/2024","04:45:50",13.08,493,2.8,2024-10-08 04:45:50
"08/10/2024","05:00:51",13.07,493,2.8,2024-10-08 05:00:51
"08/10/2024","05:15:50",13.07,493,2.8,2024-10-08 05:15:50
"08/10/2024","05:30:50",13.06,493,2.9,2024-10-08 05:30:50
"08/10/2024","05:45:50",13.05,493,2.8,2024-10-08 05:45:50
"08/10/2024","06:00:50",13.04,494,2.8,2024-10-08 06:00:50
"08/10/2024","06:15:50",13.04,493,2.9,2024-10-08 06:15:50
"08/10/2024","06:30:50",13.03,493,2.9,2024-10-08 06:30:50
"08/10/2024","06:45:50",13.02,494,2.9,2024-10-08 06:45:50
"08/10/2024","07:00:50",13.01,494,3,2024-10-08 07:00:50
"08/10/2024","07:15:50",13,493,2.9,2024-10-08 07:15:50
"08/10/2024","07:30:51",12.99,494,3,2024-10-08 07:30:51
"08/10/2024","07:45:50",12.98,494,3,2024-10-08 07:45:50
"08/10/2024","08:00:51",12.97,493,2.8,2024-10-08 08:00:51
"08/10/2024","08:15:51",12.96,493,3.2,2024-10-08 08:15:51
"08/10/2024","08:30:51",12.94,493,2.9,2024-10-08 08:30:51
"08/10/2024","08:45:50",12.94,493,2.9,2024-10-08 08:45:50
"08/10/2024","09:00:51",12.93,493,3.1,2024-10-08 09:00:51
"08/10/2024","09:15:51",12.93,493,3.4,2024-10-08 09:15:51
"08/10/2024","09:30:51",12.92,493,3.4,2024-10-08 09:30:51
"08/10/2024","09:45:50",12.92,492,3.3,2024-10-08 09:45:50
"08/10/2024","10:00:50",12.91,492,3.3,2024-10-08 10:00:50
"08/10/2024","10:15:50",12.91,493,3.6,2024-10-08 10:15:50
"08/10/2024","10:30:51",12.9,492,3.4,2024-10-08 10:30:51
"08/10/2024","10:45:51",12.9,492,3.2,2024-10-08 10:45:51
"08/10/2024","11:00:50",12.91,492,2.7,2024-10-08 11:00:50
"08/10/2024","11:15:50",12.91,492,3.3,2024-10-08 11:15:50
"08/10/2024","11:30:50",12.92,492,3.2,2024-10-08 11:30:50
"08/10/2024","11:45:50",12.94,491,2.9,2024-10-08 11:45:50
"08/10/2024","12:00:50",12.96,491,2.9,2024-10-08 12:00:50
"08/10/2024","12:15:50",12.98,491,3.1,2024-10-08 12:15:50
"08/10/2024","12:30:50",13.01,491,2.9,2024-10-08 12:30:50
"08/10/2024","12:45:50",13.04,490,2.8,2024-10-08 12:45:50
"08/10/2024","13:00:51",13.07,490,3.1,2024-10-08 13:00:51
"08/10/2024","13:15:51",13.09,490,2.6,2024-10-08 13:15:51
"08/10/2024","13:30:51",13.12,490,2.8,2024-10-08 13:30:51
"08/10/2024","13:45:51",13.16,489,2.9,2024-10-08 13:45:51
"08/10/2024","14:00:50",13.2,489,2.9,2024-10-08 14:00:50
"08/10/2024","14:15:50",13.23,489,2.9,2024-10-08 14:15:50
"08/10/2024","14:30:51",13.27,488,2.9,2024-10-08 14:30:51
"08/10/2024","14:45:50",13.3,488,2.8,2024-10-08 14:45:50
"08/10/2024","15:00:50",13.33,488,2.9,2024-10-08 15:00:50
"08/10/2024","15:15:50",13.34,488,4.2,2024-10-08 15:15:50
"08/10/2024","15:30:50",13.36,488,2.9,2024-10-08 15:30:50
"08/10/2024","15:45:50",13.39,487,2.8,2024-10-08 15:45:50
"08/10/2024","16:00:50",13.41,487,2.8,2024-10-08 16:00:50
"08/10/2024","16:15:50",13.44,487,3,2024-10-08 16:15:50
"08/10/2024","16:30:50",13.47,487,2.9,2024-10-08 16:30:50
"08/10/2024","16:45:50",13.49,486,2.9,2024-10-08 16:45:50
"08/10/2024","17:00:51",13.5,486,2.7,2024-10-08 17:00:51
"08/10/2024","17:15:51",13.52,486,2.8,2024-10-08 17:15:51
"08/10/2024","17:30:50",13.51,486,2.8,2024-10-08 17:30:50
"08/10/2024","17:45:50",13.51,486,3.4,2024-10-08 17:45:50
"08/10/2024","18:00:50",13.5,486,2.9,2024-10-08 18:00:50
"08/10/2024","18:15:50",13.49,486,2.7,2024-10-08 18:15:50
"08/10/2024","18:30:50",13.47,486,2.9,2024-10-08 18:30:50
"08/10/2024","18:45:50",13.46,486,2.8,2024-10-08 18:45:50
"08/10/2024","19:00:51",13.45,485,2.8,2024-10-08 19:00:51
"08/10/2024","19:15:51",13.43,485,2.8,2024-10-08 19:15:51
"08/10/2024","19:30:50",13.42,485,2.9,2024-10-08 19:30:50
"08/10/2024","19:45:50",13.41,485,2.6,2024-10-08 19:45:50
"08/10/2024","20:00:50",13.39,485,2.8,2024-10-08 20:00:50
"08/10/2024","20:15:50",13.37,485,3.1,2024-10-08 20:15:50
"08/10/2024","20:30:50",13.35,485,2.7,2024-10-08 20:30:50
"08/10/2024","20:45:50",13.33,485,2.7,2024-10-08 20:45:50
"08/10/2024","21:00:50",13.31,485,2.9,2024-10-08 21:00:50
"08/10/2024","21:15:50",13.29,485,2.7,2024-10-08 21:15:50
"08/10/2024","21:30:50",13.27,485,2.8,2024-10-08 21:30:50
"08/10/2024","21:45:51",13.26,484,2.4,2024-10-08 21:45:51
"08/10/2024","22:00:51",13.24,484,2.7,2024-10-08 22:00:51
"08/10/2024","22:15:50",13.23,484,2.7,2024-10-08 22:15:50
"08/10/2024","22:30:50",13.22,484,2.8,2024-10-08 22:30:50
"08/10/2024","22:45:50",13.2,484,2.9,2024-10-08 22:45:50
"08/10/2024","23:00:50",13.19,484,2.8,2024-10-08 23:00:50
"08/10/2024","23:15:51",13.17,484,2.9,2024-10-08 23:15:51
"08/10/2024","23:30:50",13.15,483,2.7,2024-10-08 23:30:50
"08/10/2024","23:45:50",13.13,483,2.9,2024-10-08 23:45:50
"09/10/2024","00:00:50",13.11,483,2.8,2024-10-09 00:00:50
"09/10/2024","00:15:50",13.1,483,2.8,2024-10-09 00:15:50
"09/10/2024","00:30:51",13.08,483,3,2024-10-09 00:30:51
"09/10/2024","00:45:51",13.06,482,2.9,2024-10-09 00:45:51
"09/10/2024","01:00:51",13.04,482,2.9,2024-10-09 01:00:51
"09/10/2024","01:15:50",13.02,482,3.2,2024-10-09 01:15:50
"09/10/2024","01:30:51",13,481,2.9,2024-10-09 01:30:51
"09/10/2024","01:45:51",12.99,481,3,2024-10-09 01:45:51
"09/10/2024","02:00:50",12.97,481,3.2,2024-10-09 02:00:50
"09/10/2024","02:15:50",12.94,481,3.2,2024-10-09 02:15:50
"09/10/2024","02:30:51",12.92,480,3,2024-10-09 02:30:51
"09/10/2024","02:45:50",12.91,480,3.4,2024-10-09 02:45:50
"09/10/2024","03:00:51",12.9,480,3.1,2024-10-09 03:00:51
"09/10/2024","03:15:50",12.89,480,3.3,2024-10-09 03:15:50
"09/10/2024","03:30:50",12.87,480,3.3,2024-10-09 03:30:50
"09/10/2024","03:45:50",12.86,479,3.2,2024-10-09 03:45:50
"09/10/2024","04:00:50",12.85,479,3.4,2024-10-09 04:00:50
"09/10/2024","04:15:50",12.83,479,3.6,2024-10-09 04:15:50
"09/10/2024","04:30:50",12.81,479,3.4,2024-10-09 04:30:50
"09/10/2024","04:45:51",12.8,479,3.4,2024-10-09 04:45:51
"09/10/2024","05:00:50",12.78,479,3.4,2024-10-09 05:00:50
"09/10/2024","05:15:50",12.76,479,3.9,2024-10-09 05:15:50
"09/10/2024","05:30:50",12.74,479,3.7,2024-10-09 05:30:50
"09/10/2024","05:45:50",12.72,480,3.9,2024-10-09 05:45:50
"09/10/2024","06:00:50",12.7,479,3.4,2024-10-09 06:00:50
"09/10/2024","06:15:50",12.67,480,3.5,2024-10-09 06:15:50
"09/10/2024","06:30:50",12.64,480,3.6,2024-10-09 06:30:50
"09/10/2024","06:45:50",12.63,480,3.7,2024-10-09 06:45:50
"09/10/2024","07:00:50",12.61,480,3.3,2024-10-09 07:00:50
"09/10/2024","07:15:50",12.6,480,3.6,2024-10-09 07:15:50
"09/10/2024","07:30:50",12.59,481,3.6,2024-10-09 07:30:50
"09/10/2024","07:45:50",12.59,481,3.3,2024-10-09 07:45:50
"09/10/2024","08:00:50",12.58,481,3.5,2024-10-09 08:00:50
"09/10/2024","08:15:51",12.57,481,4,2024-10-09 08:15:51
"09/10/2024","08:30:51",12.57,482,3.5,2024-10-09 08:30:51
"09/10/2024","08:45:51",12.57,482,3.7,2024-10-09 08:45:51
"09/10/2024","09:00:51",12.57,482,4.2,2024-10-09 09:00:51
"09/10/2024","09:15:51",12.58,482,4.3,2024-10-09 09:15:51
"09/10/2024","09:30:50",12.6,482,3.9,2024-10-09 09:30:50
"09/10/2024","09:45:51",12.61,482,3.6,2024-10-09 09:45:51
"09/10/2024","10:00:51",12.62,482,4.2,2024-10-09 10:00:51
"09/10/2024","10:15:51",12.65,482,3.5,2024-10-09 10:15:51
"09/10/2024","10:30:51",12.68,482,3.7,2024-10-09 10:30:51
"09/10/2024","10:45:50",12.7,482,3.6,2024-10-09 10:45:50
"09/10/2024","11:00:51",12.72,482,4.3,2024-10-09 11:00:51
"09/10/2024","11:15:51",12.75,482,3.6,2024-10-09 11:15:51
"09/10/2024","11:30:51",12.79,482,3.9,2024-10-09 11:30:51
"09/10/2024","11:45:51",12.81,482,3.5,2024-10-09 11:45:51
"09/10/2024","12:00:50",12.84,482,3.6,2024-10-09 12:00:50
"09/10/2024","12:15:51",12.86,482,3.6,2024-10-09 12:15:51
"09/10/2024","12:30:50",12.89,482,3.4,2024-10-09 12:30:50
"09/10/2024","12:45:51",12.93,481,4.7,2024-10-09 12:45:51
"09/10/2024","13:00:51",12.96,482,3.9,2024-10-09 13:00:51
"09/10/2024","13:15:50",12.99,482,3.6,2024-10-09 13:15:50
"09/10/2024","13:30:51",13.01,481,4,2024-10-09 13:30:51
"09/10/2024","13:45:50",13.04,481,3.2,2024-10-09 13:45:50
"09/10/2024","14:00:50",13.07,481,3.4,2024-10-09 14:00:50
"09/10/2024","14:15:51",13.11,481,3.2,2024-10-09 14:15:51
"09/10/2024","14:30:50",13.12,481,3.2,2024-10-09 14:30:50
"09/10/2024","14:45:50",13.16,481,3.2,2024-10-09 14:45:50
"09/10/2024","15:00:51",13.18,481,3.2,2024-10-09 15:00:51
"09/10/2024","15:15:50",13.21,481,3.5,2024-10-09 15:15:50
"09/10/2024","15:30:50",13.21,481,3.3,2024-10-09 15:30:50
"09/10/2024","15:45:51",13.21,481,2.9,2024-10-09 15:45:51
"09/10/2024","16:00:50",13.2,481,3.4,2024-10-09 16:00:50
"09/10/2024","16:15:50",13.18,482,3.2,2024-10-09 16:15:50
"09/10/2024","16:30:50",13.17,482,3.1,2024-10-09 16:30:50
"09/10/2024","16:45:50",13.16,482,3.2,2024-10-09 16:45:50
"09/10/2024","17:00:50",13.15,482,3.5,2024-10-09 17:00:50
"09/10/2024","17:15:50",13.13,482,3.4,2024-10-09 17:15:50
"09/10/2024","17:30:51",13.1,482,3.4,2024-10-09 17:30:51
"09/10/2024","17:45:51",13.06,482,3,2024-10-09 17:45:51
"09/10/2024","18:00:51",13.02,483,3.2,2024-10-09 18:00:51
"09/10/2024","18:15:50",12.98,483,3.1,2024-10-09 18:15:50
"09/10/2024","18:30:50",12.94,483,3.4,2024-10-09 18:30:50
"09/10/2024","18:45:50",12.91,483,3.1,2024-10-09 18:45:50
"09/10/2024","19:00:51",12.87,483,3,2024-10-09 19:00:51
"09/10/2024","19:15:50",12.83,483,3.1,2024-10-09 19:15:50
"09/10/2024","19:30:50",12.8,483,3.2,2024-10-09 19:30:50
"09/10/2024","19:45:50",12.75,483,3.4,2024-10-09 19:45:50
"09/10/2024","20:00:51",12.71,483,3.2,2024-10-09 20:00:51
"09/10/2024","20:15:51",12.66,483,3.1,2024-10-09 20:15:51
"09/10/2024","20:30:51",12.63,483,3.1,2024-10-09 20:30:51
"09/10/2024","20:45:50",12.59,483,3.2,2024-10-09 20:45:50
"09/10/2024","21:00:51",12.55,483,3.4,2024-10-09 21:00:51
"09/10/2024","21:15:51",12.52,483,3.2,2024-10-09 21:15:51
"09/10/2024","21:30:50",12.49,483,3.5,2024-10-09 21:30:50
"09/10/2024","21:45:50",12.46,483,3.2,2024-10-09 21:45:50
"09/10/2024","22:00:50",12.44,483,3.3,2024-10-09 22:00:50
"09/10/2024","22:15:50",12.41,483,3.2,2024-10-09 22:15:50
"09/10/2024","22:30:50",12.39,483,3.4,2024-10-09 22:30:50
"09/10/2024","22:45:50",12.36,483,3.3,2024-10-09 22:45:50
"09/10/2024","23:00:51",12.34,483,3.3,2024-10-09 23:00:51
"09/10/2024","23:15:51",12.32,482,3.2,2024-10-09 23:15:51
"09/10/2024","23:30:50",12.29,482,3.2,2024-10-09 23:30:50
"09/10/2024","23:45:51",12.27,482,3.5,2024-10-09 23:45:51
"10/10/2024","00:00:51",12.24,482,3.4,2024-10-10 00:00:51
"10/10/2024","00:15:51",12.22,482,3.5,2024-10-10 00:15:51
"10/10/2024","00:30:51",12.2,482,3.4,2024-10-10 00:30:51
"10/10/2024","00:45:50",12.18,481,3.5,2024-10-10 00:45:50
"10/10/2024","01:00:50",12.17,481,3.2,2024-10-10 01:00:50
"10/10/2024","01:15:50",12.15,481,3.3,2024-10-10 01:15:50
"10/10/2024","01:30:50",12.13,481,3.2,2024-10-10 01:30:50
"10/10/2024","01:45:51",12.11,481,3.5,2024-10-10 01:45:51
"10/10/2024","02:00:51",12.09,480,3.4,2024-10-10 02:00:51
"10/10/2024","02:15:51",12.07,480,3.4,2024-10-10 02:15:51
"10/10/2024","02:30:51",12.06,480,9.3,2024-10-10 02:30:51
"10/10/2024","02:45:51",12.04,480,3.4,2024-10-10 02:45:51
"10/10/2024","03:00:51",12.03,480,3.8,2024-10-10 03:00:51
"10/10/2024","03:15:51",12.01,480,3.6,2024-10-10 03:15:51
"10/10/2024","03:30:51",12,479,3.7,2024-10-10 03:30:51
"10/10/2024","03:45:50",11.99,479,3.6,2024-10-10 03:45:50
"10/10/2024","04:00:50",11.98,479,3.4,2024-10-10 04:00:50
"10/10/2024","04:15:51",11.97,479,3.7,2024-10-10 04:15:51
"10/10/2024","04:30:50",11.95,479,3.6,2024-10-10 04:30:50
"10/10/2024","04:45:51",11.94,479,3.4,2024-10-10 04:45:51
"10/10/2024","05:00:51",11.93,479,3.4,2024-10-10 05:00:51
"10/10/2024","05:15:51",11.92,478,3.6,2024-10-10 05:15:51
"10/10/2024","05:30:51",11.91,478,3.6,2024-10-10 05:30:51
"10/10/2024","05:45:51",11.9,478,3.5,2024-10-10 05:45:51
"10/10/2024","06:00:51",11.88,478,3.6,2024-10-10 06:00:51
"10/10/2024","06:15:51",11.87,478,3.7,2024-10-10 06:15:51
"10/10/2024","06:30:51",11.85,478,3.6,2024-10-10 06:30:51
"10/10/2024","06:45:51",11.83,477,3.7,2024-10-10 06:45:51
"10/10/2024","07:00:50",11.82,477,3.6,2024-10-10 07:00:50
"10/10/2024","07:15:51",11.8,477,3.7,2024-10-10 07:15:51
"10/10/2024","07:30:50",11.78,477,3.7,2024-10-10 07:30:50
"10/10/2024","07:45:50",11.77,476,3.6,2024-10-10 07:45:50
"10/10/2024","08:00:51",11.75,476,3.6,2024-10-10 08:00:51
"10/10/2024","08:15:51",11.74,476,3.9,2024-10-10 08:15:51
"10/10/2024","08:30:51",11.73,475,7.5,2024-10-10 08:30:51
"10/10/2024","08:45:50",11.72,475,3.7,2024-10-10 08:45:50
"10/10/2024","09:00:51",11.71,475,3.6,2024-10-10 09:00:51
"10/10/2024","09:15:50",11.72,474,3.7,2024-10-10 09:15:50
"10/10/2024","09:30:50",11.72,474,3.9,2024-10-10 09:30:50
"10/10/2024","09:45:50",11.73,474,3.9,2024-10-10 09:45:50
"10/10/2024","10:00:50",11.74,474,3.6,2024-10-10 10:00:50
"10/10/2024","10:15:51",11.75,473,3.6,2024-10-10 10:15:51
"10/10/2024","10:30:51",11.77,473,4.5,2024-10-10 10:30:51
"10/10/2024","10:45:51",11.79,473,3.6,2024-10-10 10:45:51
"10/10/2024","11:00:51",11.82,473,3.7,2024-10-10 11:00:51
"10/10/2024","11:15:51",11.85,473,3.6,2024-10-10 11:15:51
"10/10/2024","11:30:51",11.89,473,3.6,2024-10-10 11:30:51
"10/10/2024","11:45:51",11.92,472,4.6,2024-10-10 11:45:51
"10/10/2024","12:00:50",11.96,472,3.6,2024-10-10 12:00:50
"10/10/2024","12:15:50",12,472,3.7,2024-10-10 12:15:50
"10/10/2024","12:30:51",12.04,472,3.4,2024-10-10 12:30:51
"10/10/2024","12:45:51",12.08,472,3.4,2024-10-10 12:45:51
"10/10/2024","13:00:51",12.11,472,3.1,2024-10-10 13:00:51
"10/10/2024","13:15:51",12.17,472,8.7,2024-10-10 13:15:51
"10/10/2024","13:30:51",12.2,472,3.2,2024-10-10 13:30:51
"10/10/2024","13:45:50",12.22,472,3.3,2024-10-10 13:45:50
"10/10/2024","14:00:51",12.24,473,3.2,2024-10-10 14:00:51
"10/10/2024","14:15:51",12.25,473,3.4,2024-10-10 14:15:51
"10/10/2024","14:30:51",12.27,473,3.3,2024-10-10 14:30:51
"10/10/2024","14:45:50",12.29,473,3.2,2024-10-10 14:45:50
"10/10/2024","15:00:50",12.29,473,3.1,2024-10-10 15:00:50
"10/10/2024","15:15:50",12.29,473,3.2,2024-10-10 15:15:50
"10/10/2024","15:30:51",12.31,473,3.1,2024-10-10 15:30:51
"10/10/2024","15:45:50",12.28,473,3.1,2024-10-10 15:45:50
"10/10/2024","16:00:51",12.24,473,3.3,2024-10-10 16:00:51
"10/10/2024","16:15:51",12.23,473,2.9,2024-10-10 16:15:51
"10/10/2024","16:30:50",12.21,474,3.1,2024-10-10 16:30:50
"10/10/2024","16:45:50",12.2,474,2.9,2024-10-10 16:45:50
"10/10/2024","17:00:50",12.19,474,3.6,2024-10-10 17:00:50
"10/10/2024","17:15:50",12.17,474,3.1,2024-10-10 17:15:50
"10/10/2024","17:30:51",12.15,474,3,2024-10-10 17:30:51
"10/10/2024","17:45:51",12.13,474,3.7,2024-10-10 17:45:51
"10/10/2024","18:00:51",12.1,474,3.2,2024-10-10 18:00:51
"10/10/2024","18:15:50",12.07,474,3,2024-10-10 18:15:50
"10/10/2024","18:30:51",12.04,474,3.4,2024-10-10 18:30:51
"10/10/2024","18:45:50",12.01,474,3.1,2024-10-10 18:45:50
"10/10/2024","19:00:50",11.98,473,2.9,2024-10-10 19:00:50
"10/10/2024","19:15:51",11.94,473,2.9,2024-10-10 19:15:51
"10/10/2024","19:30:51",11.9,473,3.1,2024-10-10 19:30:51
"10/10/2024","19:45:51",11.87,473,3.1,2024-10-10 19:45:51
"10/10/2024","20:00:51",11.83,472,6.9,2024-10-10 20:00:51
"10/10/2024","20:15:51",11.79,472,3.1,2024-10-10 20:15:51
"10/10/2024","20:30:51",11.76,472,3.2,2024-10-10 20:30:51
"10/10/2024","20:45:51",11.73,471,3.1,2024-10-10 20:45:51
"10/10/2024","21:00:51",11.7,471,3.2,2024-10-10 21:00:51
"10/10/2024","21:15:50",11.67,470,3,2024-10-10 21:15:50
"10/10/2024","21:30:51",11.64,470,5.3,2024-10-10 21:30:51
"10/10/2024","21:45:50",11.61,469,3.3,2024-10-10 21:45:50
"10/10/2024","22:00:51",11.59,468,3.1,2024-10-10 22:00:51
"10/10/2024","22:15:51",11.57,468,3.1,2024-10-10 22:15:51
"10/10/2024","22:30:51",11.54,467,3.1,2024-10-10 22:30:51
"10/10/2024","22:45:51",11.51,466,3.2,2024-10-10 22:45:51
"10/10/2024","23:00:51",11.48,465,3.2,2024-10-10 23:00:51
"10/10/2024","23:15:51",11.47,465,3.2,2024-10-10 23:15:51
"10/10/2024","23:30:50",11.45,464,3.7,2024-10-10 23:30:50
"10/10/2024","23:45:51",11.44,463,3.2,2024-10-10 23:45:51
"11/10/2024","00:00:51",11.42,462,3.6,2024-10-11 00:00:51
"11/10/2024","00:15:51",11.4,462,6.2,2024-10-11 00:15:51
"11/10/2024","00:30:50",11.39,461,3.4,2024-10-11 00:30:50
"11/10/2024","00:45:51",11.37,460,5.1,2024-10-11 00:45:51
"11/10/2024","01:00:51",11.35,459,10,2024-10-11 01:00:51
"11/10/2024","01:15:51",11.33,459,24.5,2024-10-11 01:15:51
"11/10/2024","01:30:50",11.3,458,31.4,2024-10-11 01:30:50
"11/10/2024","01:45:50",11.27,457,20.3,2024-10-11 01:45:50
"11/10/2024","02:00:50",11.25,457,14.2,2024-10-11 02:00:50
"11/10/2024","02:15:50",11.22,456,6.2,2024-10-11 02:15:50
"11/10/2024","02:30:51",11.19,456,4.7,2024-10-11 02:30:51
"11/10/2024","02:45:51",11.16,455,8,2024-10-11 02:45:51
"11/10/2024","03:00:51",11.14,455,4.7,2024-10-11 03:00:51
"11/10/2024","03:15:51",11.12,454,6.6,2024-10-11 03:15:51
"11/10/2024","03:30:51",11.09,454,15.6,2024-10-11 03:30:51
"11/10/2024","03:45:51",11.07,453,162.3,2024-10-11 03:45:51
"11/10/2024","04:00:51",11.05,453,33.9,2024-10-11 04:00:51
"11/10/2024","04:15:51",11.03,453,134.1,2024-10-11 04:15:51
"11/10/2024","04:30:51",11.02,452,133.8,2024-10-11 04:30:51
"11/10/2024","04:45:51",11,452,201.8,2024-10-11 04:45:51
"11/10/2024","05:00:51",10.98,452,202.8,2024-10-11 05:00:51
"11/10/2024","05:15:51",10.96,452,105.4,2024-10-11 05:15:51
"11/10/2024","05:30:51",10.95,452,211.1,2024-10-11 05:30:51
"11/10/2024","05:45:50",10.95,452,121.6,2024-10-11 05:45:50
"11/10/2024","06:00:51",10.94,452,152.5,2024-10-11 06:00:51
"11/10/2024","06:15:51",10.94,452,139.2,2024-10-11 06:15:51
"11/10/2024","06:30:51",10.93,452,77.3,2024-10-11 06:30:51
"11/10/2024","06:45:51",10.93,452,99.1,2024-10-11 06:45:51
"11/10/2024","07:00:51",10.92,452,68.5,2024-10-11 07:00:51
"11/10/2024","07:15:51",10.91,452,54.9,2024-10-11 07:15:51
"11/10/2024","07:30:51",10.91,452,104.6,2024-10-11 07:30:51
"11/10/2024","07:45:51",10.89,452,72.3,2024-10-11 07:45:51
"11/10/2024","08:00:51",10.88,453,74.4,2024-10-11 08:00:51
"11/10/2024","08:15:50",10.87,453,62.4,2024-10-11 08:15:50
"11/10/2024","08:30:51",10.86,453,181.2,2024-10-11 08:30:51
"11/10/2024","08:45:51",10.85,453,219.3,2024-10-11 08:45:51
"11/10/2024","09:00:51",10.85,453,211.9,2024-10-11 09:00:51
"11/10/2024","09:15:51",10.85,453,175.3,2024-10-11 09:15:51
"11/10/2024","09:30:50",10.86,453,91.5,2024-10-11 09:30:50
"11/10/2024","09:45:50",10.89,453,212.3,2024-10-11 09:45:50
"11/10/2024","10:00:51",10.92,453,212.9,2024-10-11 10:00:51
"11/10/2024","10:15:51",10.93,453,125.3,2024-10-11 10:15:51
"11/10/2024","10:30:51",10.95,453,98.7,2024-10-11 10:30:51
"11/10/2024","10:45:51",10.99,453,52.4,2024-10-11 10:45:51
"11/10/2024","11:00:51",11.03,453,47.1,2024-10-11 11:00:51
"11/10/2024","11:15:51",11.06,453,97.1,2024-10-11 11:15:51
"11/10/2024","11:30:51",11.12,453,117.3,2024-10-11 11:30:51
"11/10/2024","11:45:50",11.18,453,118.3,2024-10-11 11:45:50
"11/10/2024","12:00:51",11.23,453,103.1,2024-10-11 12:00:51
"11/10/2024","12:15:50",11.29,453,87.2,2024-10-11 12:15:50
"11/10/2024","12:30:50",11.34,453,136.7,2024-10-11 12:30:50
"11/10/2024","12:45:51",11.39,452,46.2,2024-10-11 12:45:51
"11/10/2024","13:00:50",11.42,453,137.6,2024-10-11 13:00:50
"11/10/2024","13:15:50",11.42,453,65,2024-10-11 13:15:50
"11/10/2024","13:30:51",11.46,453,144.4,2024-10-11 13:30:51
"11/10/2024","13:45:51",11.52,452,101.9,2024-10-11 13:45:51
"11/10/2024","14:00:50",11.58,452,133.1,2024-10-11 14:00:50
"11/10/2024","14:15:50",11.63,452,83,2024-10-11 14:15:50
"11/10/2024","14:30:51",11.65,452,170.3,2024-10-11 14:30:51
"11/10/2024","14:45:51",11.69,453,31.8,2024-10-11 14:45:51
"11/10/2024","15:00:51",11.72,453,101.8,2024-10-11 15:00:51
"11/10/2024","15:15:51",11.74,453,64.2,2024-10-11 15:15:51
"11/10/2024","15:30:51",11.77,453,56.9,2024-10-11 15:30:51
"11/10/2024","15:45:50",11.78,453,141,2024-10-11 15:45:50
"11/10/2024","16:00:50",11.76,453,85.1,2024-10-11 16:00:50
"11/10/2024","16:15:51",11.74,453,70,2024-10-11 16:15:51
"11/10/2024","16:30:51",11.71,454,98.8,2024-10-11 16:30:51
"11/10/2024","16:45:51",11.7,454,73.3,2024-10-11 16:45:51
"11/10/2024","17:00:51",11.69,454,58.1,2024-10-11 17:00:51
"11/10/2024","17:15:50",11.69,454,85,2024-10-11 17:15:50
"11/10/2024","17:30:50",11.68,454,87,2024-10-11 17:30:50
"11/10/2024","17:45:50",11.66,454,94.1,2024-10-11 17:45:50
"11/10/2024","18:00:50",11.63,455,75.5,2024-10-11 18:00:50
"11/10/2024","18:15:51",11.61,455,129.9,2024-10-11 18:15:51
"11/10/2024","18:30:51",11.59,455,73,2024-10-11 18:30:51
"11/10/2024","18:45:51",11.56,455,22.1,2024-10-11 18:45:51
"11/10/2024","19:00:50",11.53,455,79.9,2024-10-11 19:00:50
"11/10/2024","19:15:51",11.5,455,64.5,2024-10-11 19:15:51
"11/10/2024","19:30:51",11.46,455,38.4,2024-10-11 19:30:51
"11/10/2024","19:45:51",11.43,455,63.1,2024-10-11 19:45:51
"11/10/2024","20:00:50",11.39,455,104.4,2024-10-11 20:00:50
"11/10/2024","20:15:51",11.36,455,97.6,2024-10-11 20:15:51
"11/10/2024","20:30:51",11.33,455,108.5,2024-10-11 20:30:51
"11/10/2024","20:45:50",11.3,455,113.4,2024-10-11 20:45:50
"11/10/2024","21:00:50",11.28,455,66.3,2024-10-11 21:00:50
"11/10/2024","21:15:50",11.27,455,112.4,2024-10-11 21:15:50
"11/10/2024","21:30:51",11.25,455,115.6,2024-10-11 21:30:51
"11/10/2024","21:45:51",11.24,455,152.2,2024-10-11 21:45:51
"11/10/2024","22:00:51",11.21,454,99.6,2024-10-11 22:00:51
"11/10/2024","22:15:51",11.19,454,164.5,2024-10-11 22:15:51
"11/10/2024","22:30:51",11.17,454,92.7,2024-10-11 22:30:51
"11/10/2024","22:45:50",11.14,454,77.1,2024-10-11 22:45:50
"11/10/2024","23:00:51",11.13,453,160.3,2024-10-11 23:00:51
"11/10/2024","23:15:51",11.11,453,117.4,2024-10-11 23:15:51
"11/10/2024","23:30:51",11.1,453,101.3,2024-10-11 23:30:51
"11/10/2024","23:45:50",11.09,452,89.1,2024-10-11 23:45:50
"12/10/2024","00:00:51",11.08,452,122.9,2024-10-12 00:00:51
"12/10/2024","00:15:51",11.06,452,114.6,2024-10-12 00:15:51
"12/10/2024","00:30:50",11.03,451,120.4,2024-10-12 00:30:50
"12/10/2024","00:45:51",11,451,145.5,2024-10-12 00:45:51
"12/10/2024","01:00:50",10.98,451,138,2024-10-12 01:00:50
"12/10/2024","01:15:50",10.95,450,70.5,2024-10-12 01:15:50
"12/10/2024","01:30:51",10.93,450,115.6,2024-10-12 01:30:51
"12/10/2024","01:45:51",10.9,449,92.2,2024-10-12 01:45:51
"12/10/2024","02:00:51",10.88,449,161.3,2024-10-12 02:00:51
"12/10/2024","02:15:50",10.86,448,180.3,2024-10-12 02:15:50
"12/10/2024","02:30:51",10.85,448,127.8,2024-10-12 02:30:51
"12/10/2024","02:45:51",10.83,447,179.7,2024-10-12 02:45:51
"12/10/2024","03:00:50",10.81,447,149,2024-10-12 03:00:50
"12/10/2024","03:15:50",10.78,446,210.9,2024-10-12 03:15:50
"12/10/2024","03:30:50",10.76,446,262,2024-10-12 03:30:50
"12/10/2024","03:45:51",10.73,446,188.7,2024-10-12 03:45:51
"12/10/2024","04:00:50",10.72,445,214.4,2024-10-12 04:00:50
"12/10/2024","04:15:50",10.7,445,245.4,2024-10-12 04:15:50
"12/10/2024","04:30:50",10.69,444,146.6,2024-10-12 04:30:50
"12/10/2024","04:45:50",10.68,444,292.2,2024-10-12 04:45:50
"12/10/2024","05:00:50",10.67,443,251.7,2024-10-12 05:00:50
"12/10/2024","05:15:51",10.66,443,291.2,2024-10-12 05:15:51
"12/10/2024","05:30:51",10.64,442,195.3,2024-10-12 05:30:51
"12/10/2024","05:45:51",10.63,442,176.2,2024-10-12 05:45:51
"12/10/2024","06:00:50",10.62,441,225.5,2024-10-12 06:00:50
"12/10/2024","06:15:50",10.61,441,341.7,2024-10-12 06:15:50
"12/10/2024","06:30:50",10.61,441,309.3,2024-10-12 06:30:50
"12/10/2024","06:45:50",10.6,440,307.9,2024-10-12 06:45:50
"12/10/2024","07:00:50",10.6,440,301.5,2024-10-12 07:00:50
"12/10/2024","07:15:51",10.59,440,334.4,2024-10-12 07:15:51
"12/10/2024","07:30:51",10.59,439,265.6,2024-10-12 07:30:51
"12/10/2024","07:45:51",10.58,439,266.1,2024-10-12 07:45:51
"12/10/2024","08:00:50",10.57,438,268.9,2024-10-12 08:00:50
"12/10/2024","08:15:50",10.57,438,239.7,2024-10-12 08:15:50
"12/10/2024","08:30:51",10.57,438,209.5,2024-10-12 08:30:51
"12/10/2024","08:45:50",10.57,437,223.3,2024-10-12 08:45:50
"12/10/2024","09:00:50",10.57,437,222.2,2024-10-12 09:00:50
"12/10/2024","09:15:50",10.58,437,240.6,2024-10-12 09:15:50
"12/10/2024","09:30:51",10.58,437,325.3,2024-10-12 09:30:51
"12/10/2024","09:45:51",10.58,436,341.6,2024-10-12 09:45:51
"12/10/2024","10:00:50",10.6,436,199.7,2024-10-12 10:00:50
"12/10/2024","10:15:50",10.62,436,267.6,2024-10-12 10:15:50
"12/10/2024","10:30:50",10.63,436,223.7,2024-10-12 10:30:50
"12/10/2024","10:45:51",10.66,435,188,2024-10-12 10:45:51
"12/10/2024","11:00:51",10.68,435,269.1,2024-10-12 11:00:51
"12/10/2024","11:15:51",10.73,435,206.1,2024-10-12 11:15:51
"12/10/2024","11:30:50",10.79,435,170.9,2024-10-12 11:30:50
"12/10/2024","11:45:50",10.84,435,143.9,2024-10-12 11:45:50
"12/10/2024","12:00:51",10.9,434,173.8,2024-10-12 12:00:51
"12/10/2024","12:15:51",10.93,434,147,2024-10-12 12:15:51
"12/10/2024","12:30:50",10.98,434,196.7,2024-10-12 12:30:50
"12/10/2024","12:45:50",11.02,433,160.8,2024-10-12 12:45:50
"12/10/2024","13:00:51",11.04,433,204.7,2024-10-12 13:00:51
"12/10/2024","13:15:50",11.06,433,153.2,2024-10-12 13:15:50
"12/10/2024","13:30:51",11.06,433,118.2,2024-10-12 13:30:51
"12/10/2024","13:45:50",11.11,433,180.6,2024-10-12 13:45:50
"12/10/2024","14:00:50",11.15,433,175.9,2024-10-12 14:00:50
"12/10/2024","14:15:51",11.17,433,153.9,2024-10-12 14:15:51
"12/10/2024","14:30:51",11.16,432,170.5,2024-10-12 14:30:51
"12/10/2024","14:45:51",11.13,432,172.9,2024-10-12 14:45:51
"12/10/2024","15:00:51",11.15,432,239.6,2024-10-12 15:00:51
"12/10/2024","15:15:50",11.16,431,249.4,2024-10-12 15:15:50
"12/10/2024","15:30:50",11.17,431,247.6,2024-10-12 15:30:50
"12/10/2024","15:45:51",11.21,431,184.5,2024-10-12 15:45:51
"12/10/2024","16:00:51",11.26,431,194.8,2024-10-12 16:00:51
"12/10/2024","16:15:51",11.28,431,200.7,2024-10-12 16:15:51
"12/10/2024","16:30:50",11.26,432,218.3,2024-10-12 16:30:50
"12/10/2024","16:45:50",11.25,432,172.1,2024-10-12 16:45:50
"12/10/2024","17:00:50",11.24,432,132.8,2024-10-12 17:00:50
"12/10/2024","17:15:50",11.22,432,307,2024-10-12 17:15:50
"12/10/2024","17:30:51",11.19,431,209.2,2024-10-12 17:30:51
"12/10/2024","17:45:50",11.17,431,151.7,2024-10-12 17:45:50
"12/10/2024","18:00:50",11.15,431,174,2024-10-12 18:00:50
"12/10/2024","18:15:51",11.13,430,101.4,2024-10-12 18:15:51
"12/10/2024","18:30:50",11.11,430,116.2,2024-10-12 18:30:50
"12/10/2024","18:45:50",11.1,431,198.2,2024-10-12 18:45:50
"12/10/2024","19:00:51",11.07,430,131.4,2024-10-12 19:00:51
"12/10/2024","19:15:51",11.04,430,207.7,2024-10-12 19:15:51
"12/10/2024","19:30:51",11.02,431,143.9,2024-10-12 19:30:51
"12/10/2024","19:45:51",10.99,431,159.1,2024-10-12 19:45:51
"12/10/2024","20:00:50",10.97,431,197.9,2024-10-12 20:00:50
"12/10/2024","20:15:50",10.94,431,161.3,2024-10-12 20:15:50
"12/10/2024","20:30:51",10.91,431,178.1,2024-10-12 20:30:51
"12/10/2024","20:45:50",10.89,431,219.5,2024-10-12 20:45:50
"12/10/2024","21:00:50",10.88,430,202.6,2024-10-12 21:00:50
"12/10/2024","21:15:50",10.86,430,222.1,2024-10-12 21:15:50
"12/10/2024","21:30:50",10.83,430,373.4,2024-10-12 21:30:50
"12/10/2024","21:45:51",10.8,430,238.5,2024-10-12 21:45:51
"12/10/2024","22:00:51",10.78,430,287.9,2024-10-12 22:00:51
"12/10/2024","22:15:50",10.75,430,280.7,2024-10-12 22:15:50
"12/10/2024","22:30:51",10.71,430,195.8,2024-10-12 22:30:51
"12/10/2024","22:45:51",10.68,430,126.8,2024-10-12 22:45:51
"12/10/2024","23:00:51",10.65,430,158.7,2024-10-12 23:00:51
"12/10/2024","23:15:51",10.61,430,151.7,2024-10-12 23:15:51
"12/10/2024","23:30:50",10.58,430,241.2,2024-10-12 23:30:50
"12/10/2024","23:45:51",10.55,430,91,2024-10-12 23:45:51
"13/10/2024","00:00:51",10.52,430,132.2,2024-10-13 00:00:51
"13/10/2024","00:15:50",10.49,430,150.3,2024-10-13 00:15:50
"13/10/2024","00:30:50",10.47,430,174.6,2024-10-13 00:30:50
"13/10/2024","00:45:50",10.44,430,227.2,2024-10-13 00:45:50
"13/10/2024","01:00:51",10.41,430,143.9,2024-10-13 01:00:51
"13/10/2024","01:15:51",10.39,429,156.9,2024-10-13 01:15:51
"13/10/2024","01:30:50",10.36,429,232.3,2024-10-13 01:30:50
"13/10/2024","01:45:51",10.34,429,203.9,2024-10-13 01:45:51
"13/10/2024","02:00:51",10.31,429,179.2,2024-10-13 02:00:51
"13/10/2024","02:15:50",10.29,429,123.8,2024-10-13 02:15:50
"13/10/2024","02:30:51",10.27,429,193.8,2024-10-13 02:30:51
"13/10/2024","02:45:51",10.26,429,213.5,2024-10-13 02:45:51
"13/10/2024","03:00:51",10.25,429,210.9,2024-10-13 03:00:51
"13/10/2024","03:15:50",10.23,429,289.7,2024-10-13 03:15:50
"13/10/2024","03:30:50",10.22,429,210.4,2024-10-13 03:30:50
"13/10/2024","03:45:51",10.2,428,186,2024-10-13 03:45:51
"13/10/2024","04:00:51",10.19,428,201.3,2024-10-13 04:00:51
"13/10/2024","04:15:50",10.18,428,200.9,2024-10-13 04:15:50
"13/10/2024","04:30:50",10.16,428,398.2,2024-10-13 04:30:50
"13/10/2024","04:45:51",10.15,428,222.9,2024-10-13 04:45:51
"13/10/2024","05:00:51",10.14,428,160.7,2024-10-13 05:00:51
"13/10/2024","05:15:51",10.13,427,200.1,2024-10-13 05:15:51
"13/10/2024","05:30:51",10.11,427,234.4,2024-10-13 05:30:51
"13/10/2024","05:45:50",10.1,427,279.2,2024-10-13 05:45:50
"13/10/2024","06:00:50",10.09,426,249.4,2024-10-13 06:00:50
"13/10/2024","06:15:51",10.07,426,189.8,2024-10-13 06:15:51
"13/10/2024","06:30:51",10.06,426,264.7,2024-10-13 06:30:51
"13/10/2024","06:45:51",10.05,425,222.2,2024-10-13 06:45:51
"13/10/2024","07:00:51",10.03,425,281.9,2024-10-13 07:00:51
"13/10/2024","07:15:51",10.01,425,251.4,2024-10-13 07:15:51
"13/10/2024","07:30:51",10,424,303.8,2024-10-13 07:30:51
"13/10/2024","07:45:51",9.99,424,269.1,2024-10-13 07:45:51
"13/10/2024","08:00:51",9.97,423,243.5,2024-10-13 08:00:51
"13/10/2024","08:15:51",9.96,423,360.3,2024-10-13 08:15:51
"13/10/2024","08:30:50",9.94,423,310.5,2024-10-13 08:30:50
"13/10/2024","08:45:51",9.93,422,230.5,2024-10-13 08:45:51
"13/10/2024","09:00:51",9.91,422,231.9,2024-10-13 09:00:51
"13/10/2024","09:15:51",9.91,422,265.8,2024-10-13 09:15:51
"13/10/2024","09:30:51",9.9,421,244.1,2024-10-13 09:30:51
"13/10/2024","09:45:50",9.9,420,232.6,2024-10-13 09:45:50
"13/10/2024","10:00:50",9.9,420,215.7,2024-10-13 10:00:50
"13/10/2024","10:15:50",9.9,420,237,2024-10-13 10:15:50
"13/10/2024","10:30:51",9.91,419,166,2024-10-13 10:30:51
"13/10/2024","10:45:50",9.92,419,214.9,2024-10-13 10:45:50
"13/10/2024","11:00:50",9.93,418,99.6,2024-10-13 11:00:50
"13/10/2024","11:15:51",9.94,418,210.9,2024-10-13 11:15:51
"13/10/2024","11:30:51",9.95,418,177.9,2024-10-13 11:30:51
"13/10/2024","11:45:51",9.97,417,183.5,2024-10-13 11:45:51
"13/10/2024","12:00:51",9.99,417,160.8,2024-10-13 12:00:51
"13/10/2024","12:15:51",10,417,156.1,2024-10-13 12:15:51
"13/10/2024","12:30:51",10.01,416,215.2,2024-10-13 12:30:51
"13/10/2024","12:45:51",10.02,416,166.6,2024-10-13 12:45:51
"13/10/2024","13:00:51",10.03,416,170.8,2024-10-13 13:00:51
"13/10/2024","13:15:51",10.03,416,213.3,2024-10-13 13:15:51
"13/10/2024","13:30:51",10.03,416,214.6,2024-10-13 13:30:51
"13/10/2024","13:45:51",10.03,416,268.8,2024-10-13 13:45:51
"13/10/2024","14:00:51",10.02,416,241.6,2024-10-13 14:00:51
"13/10/2024","14:15:51",10.01,416,236.5,2024-10-13 14:15:51
"13/10/2024","14:30:50",10.01,415,260.8,2024-10-13 14:30:50
"13/10/2024","14:45:51",10.01,415,257.9,2024-10-13 14:45:51
"13/10/2024","15:00:51",10.01,415,359.9,2024-10-13 15:00:51
"13/10/2024","15:15:51",10.01,415,343.8,2024-10-13 15:15:51
"13/10/2024","15:30:51",10.02,415,276.7,2024-10-13 15:30:51
"13/10/2024","15:45:50",10.02,415,260.6,2024-10-13 15:45:50
"13/10/2024","16:00:51",10.03,415,314.7,2024-10-13 16:00:51
"13/10/2024","16:15:51",10.03,415,293.3,2024-10-13 16:15:51
"13/10/2024","16:30:51",10.03,415,258.7,2024-10-13 16:30:51
"13/10/2024","16:45:51",10.03,415,270.7,2024-10-13 16:45:51
"13/10/2024","17:00:51",10.03,415,277.1,2024-10-13 17:00:51
"13/10/2024","17:15:51",10.03,415,235.7,2024-10-13 17:15:51
"13/10/2024","17:30:51",10.03,415,200,2024-10-13 17:30:51
"13/10/2024","17:45:51",10.04,416,222.7,2024-10-13 17:45:51
"13/10/2024","18:00:51",10.04,416,232.1,2024-10-13 18:00:51
"13/10/2024","18:15:51",10.03,416,205.4,2024-10-13 18:15:51
"13/10/2024","18:30:51",10.03,416,190.7,2024-10-13 18:30:51
"13/10/2024","18:45:51",10.03,416,202.4,2024-10-13 18:45:51
"13/10/2024","19:00:50",10.03,417,272,2024-10-13 19:00:50
"13/10/2024","19:15:50",10.02,417,301.8,2024-10-13 19:15:50
"13/10/2024","19:30:50",10.02,417,175.1,2024-10-13 19:30:50
"13/10/2024","19:45:51",10.01,418,273.7,2024-10-13 19:45:51
"13/10/2024","20:00:51",10.01,418,302.7,2024-10-13 20:00:51
"13/10/2024","20:15:50",10.01,418,335.5,2024-10-13 20:15:50
"13/10/2024","20:30:51",10,419,363.7,2024-10-13 20:30:51
"13/10/2024","20:45:51",10,419,289.7,2024-10-13 20:45:51
"13/10/2024","21:00:51",10,420,375.6,2024-10-13 21:00:51
"13/10/2024","21:15:50",10,420,377.5,2024-10-13 21:15:50
"13/10/2024","21:30:50",9.99,420,381.4,2024-10-13 21:30:50
"13/10/2024","21:45:51",9.99,421,377.1,2024-10-13 21:45:51
"13/10/2024","22:00:51",9.98,421,421.7,2024-10-13 22:00:51
"13/10/2024","22:15:51",9.97,422,438.7,2024-10-13 22:15:51
"13/10/2024","22:30:51",9.96,422,379.5,2024-10-13 22:30:51
"13/10/2024","22:45:51",9.95,422,462.9,2024-10-13 22:45:51
"13/10/2024","23:00:51",9.94,423,457.4,2024-10-13 23:00:51
"13/10/2024","23:15:50",9.93,423,439.6,2024-10-13 23:15:50
"13/10/2024","23:30:51",9.92,424,628.9,2024-10-13 23:30:51
"13/10/2024","23:45:51",9.9,424,412.7,2024-10-13 23:45:51
"14/10/2024","00:00:50",9.88,424,480.2,2024-10-14 00:00:50
"14/10/2024","00:15:51",9.85,424,476.8,2024-10-14 00:15:51
"14/10/2024","00:30:51",9.83,424,487.7,2024-10-14 00:30:51
"14/10/2024","00:45:51",9.8,425,420.2,2024-10-14 00:45:51
"14/10/2024","01:00:51",9.78,425,557.9,2024-10-14 01:00:51
"14/10/2024","01:15:51",9.76,425,591.6,2024-10-14 01:15:51
"14/10/2024","01:30:51",9.75,425,563,2024-10-14 01:30:51
"14/10/2024","01:45:51",9.74,425,667.8,2024-10-14 01:45:51
"14/10/2024","02:00:50",9.74,425,549,2024-10-14 02:00:50
"14/10/2024","02:15:50",9.73,425,557.9,2024-10-14 02:15:50
"14/10/2024","02:30:50",9.73,425,731.8,2024-10-14 02:30:50
"14/10/2024","02:45:51",9.73,424,641.1,2024-10-14 02:45:51
"14/10/2024","03:00:51",9.73,424,493.9,2024-10-14 03:00:51
"14/10/2024","03:15:50",9.73,424,755.1,2024-10-14 03:15:50
"14/10/2024","03:30:50",9.72,424,554.5,2024-10-14 03:30:50
"14/10/2024","03:45:50",9.72,423,709.7,2024-10-14 03:45:50
"14/10/2024","04:00:51",9.71,423,537.7,2024-10-14 04:00:51
"14/10/2024","04:15:50",9.71,423,744.8,2024-10-14 04:15:50
"14/10/2024","04:30:50",9.71,422,721.6,2024-10-14 04:30:50
"14/10/2024","04:45:51",9.71,421,457,2024-10-14 04:45:51
"14/10/2024","05:00:51",9.71,421,523.4,2024-10-14 05:00:51
"14/10/2024","05:15:51",9.7,420,547.3,2024-10-14 05:15:51
"14/10/2024","05:30:51",9.69,420,555.5,2024-10-14 05:30:51
"14/10/2024","05:45:51",9.68,419,592.2,2024-10-14 05:45:51
"14/10/2024","06:00:50",9.66,419,697.2,2024-10-14 06:00:50
"14/10/2024","06:15:50",9.63,418,751.2,2024-10-14 06:15:50
"14/10/2024","06:30:51",9.61,417,509.8,2024-10-14 06:30:51
"14/10/2024","06:45:50",9.57,417,452,2024-10-14 06:45:50
"14/10/2024","07:00:51",9.54,416,547.4,2024-10-14 07:00:51
"14/10/2024","07:15:50",9.51,416,613,2024-10-14 07:15:50
"14/10/2024","07:30:51",9.48,415,644.6,2024-10-14 07:30:51
"14/10/2024","07:45:51",9.46,414,500.2,2024-10-14 07:45:51
"14/10/2024","08:00:51",9.45,414,489.3,2024-10-14 08:00:51
"14/10/2024","08:15:50",9.45,413,539.6,2024-10-14 08:15:50
"14/10/2024","08:30:51",9.45,412,448,2024-10-14 08:30:51
"14/10/2024","08:45:51",9.45,412,479.4,2024-10-14 08:45:51
"14/10/2024","09:00:50",9.46,411,512,2024-10-14 09:00:50
"14/10/2024","09:15:51",9.47,410,564.2,2024-10-14 09:15:51
"14/10/2024","09:30:51",9.48,410,518.4,2024-10-14 09:30:51
"14/10/2024","09:45:50",9.5,409,608.3,2024-10-14 09:45:50
"14/10/2024","10:00:51",9.52,408,467.4,2024-10-14 10:00:51
"14/10/2024","10:15:51",9.54,408,422.3,2024-10-14 10:15:51
"14/10/2024","10:30:51",9.56,407,652.8,2024-10-14 10:30:51
"14/10/2024","10:45:51",9.58,406,576.6,2024-10-14 10:45:51
"14/10/2024","11:00:51",9.61,406,741.8,2024-10-14 11:00:51
"14/10/2024","11:15:51",9.65,405,519.4,2024-10-14 11:15:51
"14/10/2024","11:30:51",9.7,405,456.1,2024-10-14 11:30:51
"14/10/2024","11:45:51",9.74,404,529.9,2024-10-14 11:45:51
"14/10/2024","12:00:51",9.79,404,556.3,2024-10-14 12:00:51
"14/10/2024","12:15:51",9.83,403,557.2,2024-10-14 12:15:51
"14/10/2024","12:30:50",9.86,403,577.5,2024-10-14 12:30:50
"14/10/2024","12:45:50",9.9,402,416.1,2024-10-14 12:45:50
"14/10/2024","13:00:51",9.93,402,278.3,2024-10-14 13:00:51
"14/10/2024","13:15:51",9.98,401,620.9,2024-10-14 13:15:51
"14/10/2024","13:30:51",9.99,401,304.8,2024-10-14 13:30:51
"14/10/2024","13:45:50",10.02,400,338.6,2024-10-14 13:45:50
"14/10/2024","14:00:51",10.06,400,375.1,2024-10-14 14:00:51
"14/10/2024","14:15:51",10.09,400,321.9,2024-10-14 14:15:51
"14/10/2024","14:30:51",10.12,399,343.5,2024-10-14 14:30:51
"14/10/2024","14:45:51",10.17,399,320.6,2024-10-14 14:45:51
"14/10/2024","15:00:51",10.23,398,362.8,2024-10-14 15:00:51
"14/10/2024","15:15:50",10.28,398,473.8,2024-10-14 15:15:50
"14/10/2024","15:30:51",10.32,398,357.7,2024-10-14 15:30:51
"14/10/2024","15:45:51",10.34,397,246,2024-10-14 15:45:51
"14/10/2024","16:00:51",10.33,397,295.2,2024-10-14 16:00:51
"14/10/2024","16:15:50",10.32,397,265.3,2024-10-14 16:15:50
"14/10/2024","16:30:50",10.3,397,427.6,2024-10-14 16:30:50
"14/10/2024","16:45:50",10.31,397,381.3,2024-10-14 16:45:50
"14/10/2024","17:00:50",10.32,396,429.2,2024-10-14 17:00:50
"14/10/2024","17:15:51",10.31,396,353.5,2024-10-14 17:15:51
"14/10/2024","17:30:51",10.31,396,509.4,2024-10-14 17:30:51
"14/10/2024","17:45:51",10.3,396,411,2024-10-14 17:45:51
"14/10/2024","18:00:51",10.3,395,422.7,2024-10-14 18:00:51
"14/10/2024","18:15:51",10.28,395,372.3,2024-10-14 18:15:51
"14/10/2024","18:30:50",10.27,395,383.8,2024-10-14 18:30:50
"14/10/2024","18:45:50",10.26,395,429.8,2024-10-14 18:45:50
"14/10/2024","19:00:51",10.24,395,385.6,2024-10-14 19:00:51
"14/10/2024","19:15:51",10.22,395,426.8,2024-10-14 19:15:51
"14/10/2024","19:30:51",10.2,395,342.1,2024-10-14 19:30:51
"14/10/2024","19:45:51",10.18,395,531.3,2024-10-14 19:45:51
"14/10/2024","20:00:51",10.16,395,461.9,2024-10-14 20:00:51
"14/10/2024","20:15:51",10.14,395,408.8,2024-10-14 20:15:51
"14/10/2024","20:30:51",10.12,395,334.5,2024-10-14 20:30:51
"14/10/2024","20:45:51",10.1,395,476.5,2024-10-14 20:45:51
"14/10/2024","21:00:51",10.08,395,494.1,2024-10-14 21:00:51
"14/10/2024","21:15:50",10.05,395,652.1,2024-10-14 21:15:50
"14/10/2024","21:30:50",10.03,395,442,2024-10-14 21:30:50
"14/10/2024","21:45:51",10,395,361.2,2024-10-14 21:45:51
"14/10/2024","22:00:51",9.98,395,484.3,2024-10-14 22:00:51
"14/10/2024","22:15:51",9.97,395,432.9,2024-10-14 22:15:51
"14/10/2024","22:30:50",9.97,395,472.3,2024-10-14 22:30:50
"14/10/2024","22:45:50",9.96,396,519.1,2024-10-14 22:45:50
"14/10/2024","23:00:51",9.95,396,720,2024-10-14 23:00:51
"14/10/2024","23:15:51",9.92,396,571.1,2024-10-14 23:15:51
"14/10/2024","23:30:51",9.9,396,426.6,2024-10-14 23:30:51
"14/10/2024","23:45:50",9.87,396,331.8,2024-10-14 23:45:50
"15/10/2024","00:00:51",9.84,396,606.6,2024-10-15 00:00:51
"15/10/2024","00:15:51",9.81,396,445.5,2024-10-15 00:15:51
"15/10/2024","00:30:50",9.78,397,457.7,2024-10-15 00:30:50
"15/10/2024","00:45:51",9.75,397,528.3,2024-10-15 00:45:51
"15/10/2024","01:00:51",9.73,397,643.4,2024-10-15 01:00:51
"15/10/2024","01:15:51",9.71,397,489.8,2024-10-15 01:15:51
"15/10/2024","01:30:51",9.7,397,818.9,2024-10-15 01:30:51
"15/10/2024","01:45:51",9.7,397,585.3,2024-10-15 01:45:51
"15/10/2024","02:00:50",9.71,398,498.4,2024-10-15 02:00:50
"15/10/2024","02:15:50",9.71,398,350.6,2024-10-15 02:15:50
"15/10/2024","02:30:50",9.71,398,409.2,2024-10-15 02:30:50
"15/10/2024","02:45:50",9.72,398,364.6,2024-10-15 02:45:50
"15/10/2024","03:00:50",9.72,398,438.9,2024-10-15 03:00:50
"15/10/2024","03:15:50",9.72,398,709,2024-10-15 03:15:50
"15/10/2024","03:30:51",9.71,398,592.7,2024-10-15 03:30:51
"15/10/2024","03:45:51",9.71,398,567.6,2024-10-15 03:45:51
"15/10/2024","04:00:51",9.71,399,342,2024-10-15 04:00:51
"15/10/2024","04:15:51",9.71,398,642.5,2024-10-15 04:15:51
"15/10/2024","04:30:51",9.71,398,945.8,2024-10-15 04:30:51
"15/10/2024","04:45:51",9.71,399,452.5,2024-10-15 04:45:51
"15/10/2024","05:00:51",9.71,399,344.1,2024-10-15 05:00:51
"15/10/2024","05:15:51",9.71,399,518.4,2024-10-15 05:15:51
"15/10/2024","05:30:50",9.72,399,753.1,2024-10-15 05:30:50
"15/10/2024","05:45:50",9.72,399,900.2,2024-10-15 05:45:50
"15/10/2024","06:00:51",9.73,399,547.3,2024-10-15 06:00:51
"15/10/2024","06:15:50",9.73,399,583.8,2024-10-15 06:15:50
"15/10/2024","06:30:50",9.73,398,607.9,2024-10-15 06:30:50
"15/10/2024","06:45:51",9.74,398,658.3,2024-10-15 06:45:51
"15/10/2024","07:00:50",9.73,398,650.1,2024-10-15 07:00:50
"15/10/2024","07:15:50",9.74,398,671.3,2024-10-15 07:15:50
"15/10/2024","07:30:50",9.74,398,518.3,2024-10-15 07:30:50
"15/10/2024","07:45:51",9.74,398,679,2024-10-15 07:45:51
"15/10/2024","08:00:51",9.74,398,489.8,2024-10-15 08:00:51
"15/10/2024","08:15:51",9.75,398,662,2024-10-15 08:15:51
"15/10/2024","08:30:50",9.75,398,305.7,2024-10-15 08:30:50
"15/10/2024","08:45:51",9.76,398,586.8,2024-10-15 08:45:51
"15/10/2024","09:00:51",9.77,398,339.8,2024-10-15 09:00:51
"15/10/2024","09:15:51",9.78,398,371,2024-10-15 09:15:51
"15/10/2024","09:30:51",9.8,398,202.5,2024-10-15 09:30:51
"15/10/2024","09:45:51",9.82,398,890.9,2024-10-15 09:45:51
"15/10/2024","10:00:51",9.84,398,266,2024-10-15 10:00:51
"15/10/2024","10:15:51",9.86,398,506.7,2024-10-15 10:15:51
"15/10/2024","10:30:51",9.88,398,350.5,2024-10-15 10:30:51
"15/10/2024","10:45:51",9.91,397,309,2024-10-15 10:45:51
"15/10/2024","11:00:50",9.94,397,218.3,2024-10-15 11:00:50
"15/10/2024","11:15:51",9.98,397,270.8,2024-10-15 11:15:51
"15/10/2024","11:30:51",10.01,397,267.6,2024-10-15 11:30:51
"15/10/2024","11:45:50",10.05,397,207.1,2024-10-15 11:45:50
"15/10/2024","12:00:51",10.08,397,185.1,2024-10-15 12:00:51
"15/10/2024","12:15:51",10.12,397,136.3,2024-10-15 12:15:51
"15/10/2024","12:30:50",10.16,397,517.9,2024-10-15 12:30:50
"15/10/2024","12:45:51",10.21,397,328.7,2024-10-15 12:45:51
"15/10/2024","13:00:51",10.26,397,324.2,2024-10-15 13:00:51
"15/10/2024","13:15:50",10.3,397,433,2024-10-15 13:15:50
"15/10/2024","13:30:51",10.34,397,226.3,2024-10-15 13:30:51
"15/10/2024","13:45:50",10.37,397,583.3,2024-10-15 13:45:50
"15/10/2024","14:00:51",10.4,397,169.9,2024-10-15 14:00:51
"15/10/2024","14:15:51",10.43,397,147.3,2024-10-15 14:15:51
"15/10/2024","14:30:51",10.45,397,170.8,2024-10-15 14:30:51
"15/10/2024","14:45:51",10.47,397,274,2024-10-15 14:45:51
"15/10/2024","15:00:51",10.47,397,196.7,2024-10-15 15:00:51
"15/10/2024","15:15:50",10.48,397,175.9,2024-10-15 15:15:50
"15/10/2024","15:30:51",10.49,397,168.9,2024-10-15 15:30:51
"15/10/2024","15:45:50",10.49,398,216.1,2024-10-15 15:45:50
"15/10/2024","16:00:51",10.51,398,208.1,2024-10-15 16:00:51
"15/10/2024","16:15:51",10.52,398,226.4,2024-10-15 16:15:51
"15/10/2024","16:30:51",10.54,398,218.3,2024-10-15 16:30:51
"15/10/2024","16:45:50",10.56,398,286.3,2024-10-15 16:45:50
"15/10/2024","17:00:50",10.58,398,263.5,2024-10-15 17:00:50
"15/10/2024","17:15:51",10.59,399,268,2024-10-15 17:15:51
"15/10/2024","17:30:51",10.6,399,227.7,2024-10-15 17:30:51
"15/10/2024","17:45:51",10.62,399,315,2024-10-15 17:45:51
"15/10/2024","18:00:51",10.63,399,359.3,2024-10-15 18:00:51
"15/10/2024","18:15:51",10.65,399,325.1,2024-10-15 18:15:51
"15/10/2024","18:30:51",10.67,400,352.6,2024-10-15 18:30:51
"15/10/2024","18:45:51",10.68,400,308.4,2024-10-15 18:45:51
"15/10/2024","19:00:51",10.69,400,262.2,2024-10-15 19:00:51
"15/10/2024","19:15:51",10.7,400,316,2024-10-15 19:15:51
"15/10/2024","19:30:51",10.72,401,374.6,2024-10-15 19:30:51
"15/10/2024","19:45:51",10.73,401,315.6,2024-10-15 19:45:51
"15/10/2024","20:00:51",10.75,401,294.1,2024-10-15 20:00:51
"15/10/2024","20:15:50",10.77,402,344.9,2024-10-15 20:15:50
"15/10/2024","20:30:50",10.79,402,322.7,2024-10-15 20:30:50
"15/10/2024","20:45:50",10.82,402,370.3,2024-10-15 20:45:50
"15/10/2024","21:00:51",10.83,402,339.1,2024-10-15 21:00:51
"15/10/2024","21:15:51",10.85,402,377.3,2024-10-15 21:15:51
"15/10/2024","21:30:51",10.87,402,376.7,2024-10-15 21:30:51
"15/10/2024","21:45:51",10.89,403,394.8,2024-10-15 21:45:51
"15/10/2024","22:00:51",10.91,403,374,2024-10-15 22:00:51
"15/10/2024","22:15:51",10.92,403,412.4,2024-10-15 22:15:51
"15/10/2024","22:30:50",10.94,403,439.5,2024-10-15 22:30:50
"15/10/2024","22:45:50",10.95,404,467.2,2024-10-15 22:45:50
"15/10/2024","23:00:50",10.96,404,440.6,2024-10-15 23:00:50
"15/10/2024","23:15:51",10.97,404,498.2,2024-10-15 23:15:51
"15/10/2024","23:30:50",10.98,405,408.7,2024-10-15 23:30:50
"15/10/2024","23:45:51",10.99,405,380,2024-10-15 23:45:51
"16/10/2024","00:00:50",11.01,406,416,2024-10-16 00:00:50
"16/10/2024","00:15:50",11.02,406,399.4,2024-10-16 00:15:50
"16/10/2024","00:30:51",11.04,406,375,2024-10-16 00:30:51
"16/10/2024","00:45:51",11.05,406,440.9,2024-10-16 00:45:51
"16/10/2024","01:00:51",11.06,407,465.2,2024-10-16 01:00:51
"16/10/2024","01:15:51",11.07,407,445.4,2024-10-16 01:15:51
"16/10/2024","01:30:51",11.09,407,505.3,2024-10-16 01:30:51
"16/10/2024","01:45:51",11.1,407,520.1,2024-10-16 01:45:51
"16/10/2024","02:00:51",11.11,408,528.2,2024-10-16 02:00:51
"16/10/2024","02:15:51",11.12,408,560.4,2024-10-16 02:15:51
"16/10/2024","02:30:51",11.13,408,473.8,2024-10-16 02:30:51
"16/10/2024","02:45:51",11.14,408,480.2,2024-10-16 02:45:51
"16/10/2024","03:00:51",11.15,409,484.8,2024-10-16 03:00:51
"16/10/2024","03:15:51",11.16,409,472.8,2024-10-16 03:15:51
"16/10/2024","03:30:50",11.16,409,480.9,2024-10-16 03:30:50
"16/10/2024","03:45:51",11.17,409,462.7,2024-10-16 03:45:51
"16/10/2024","04:00:51",11.18,409,603.2,2024-10-16 04:00:51
"16/10/2024","04:15:51",11.18,409,625.5,2024-10-16 04:15:51
"16/10/2024","04:30:51",11.19,409,567.9,2024-10-16 04:30:51
"16/10/2024","04:45:51",11.19,409,577.8,2024-10-16 04:45:51
"16/10/2024","05:00:51",11.2,409,515.4,2024-10-16 05:00:51
"16/10/2024","05:15:51",11.21,409,556.8,2024-10-16 05:15:51
"16/10/2024","05:30:51",11.21,409,442.2,2024-10-16 05:30:51
"16/10/2024","05:45:51",11.22,409,499.3,2024-10-16 05:45:51
"16/10/2024","06:00:51",11.22,409,541.2,2024-10-16 06:00:51
"16/10/2024","06:15:50",11.23,409,535.4,2024-10-16 06:15:50
"16/10/2024","06:30:50",11.23,409,471.5,2024-10-16 06:30:50
"16/10/2024","06:45:50",11.22,409,551.6,2024-10-16 06:45:50
"16/10/2024","07:00:51",11.22,409,628.9,2024-10-16 07:00:51
"16/10/2024","07:15:51",11.22,409,541.9,2024-10-16 07:15:51
"16/10/2024","07:30:50",11.22,410,499,2024-10-16 07:30:50
"16/10/2024","07:45:51",11.23,409,797.3,2024-10-16 07:45:51
"16/10/2024","08:00:51",11.23,409,559.3,2024-10-16 08:00:51
"16/10/2024","08:15:50",11.23,409,655.2,2024-10-16 08:15:50
"16/10/2024","08:30:50",11.23,410,636.2,2024-10-16 08:30:50
"16/10/2024","08:45:51",11.24,409,763.7,2024-10-16 08:45:51
"16/10/2024","09:00:51",11.24,409,608.6,2024-10-16 09:00:51
"16/10/2024","09:15:50",11.25,409,806.3,2024-10-16 09:15:50
"16/10/2024","09:30:50",11.26,409,640.8,2024-10-16 09:30:50
"16/10/2024","09:45:51",11.27,409,673.6,2024-10-16 09:45:51
"16/10/2024","10:00:51",11.29,409,568.9,2024-10-16 10:00:51
"16/10/2024","10:15:50",11.3,409,726.6,2024-10-16 10:15:50
"16/10/2024","10:30:51",11.3,409,671.9,2024-10-16 10:30:51
"16/10/2024","10:45:51",11.32,409,371.2,2024-10-16 10:45:51
"16/10/2024","11:00:50",11.34,409,316.7,2024-10-16 11:00:50
"16/10/2024","11:15:51",11.36,409,234.8,2024-10-16 11:15:51
"16/10/2024","11:30:51",11.37,409,157.5,2024-10-16 11:30:51
"16/10/2024","11:45:51",11.38,408,308.7,2024-10-16 11:45:51
"16/10/2024","12:00:51",11.4,408,195.2,2024-10-16 12:00:51
"16/10/2024","12:15:51",11.41,408,233.3,2024-10-16 12:15:51
"16/10/2024","12:30:51",11.43,408,202.1,2024-10-16 12:30:51
"16/10/2024","12:45:50",11.44,408,228.2,2024-10-16 12:45:50
"16/10/2024","13:00:51",11.45,408,163.2,2024-10-16 13:00:51
"16/10/2024","13:15:51",11.45,408,110.1,2024-10-16 13:15:51
"16/10/2024","13:30:50",11.46,408,149.9,2024-10-16 13:30:50
"16/10/2024","13:45:50",11.46,408,161.3,2024-10-16 13:45:50
"16/10/2024","14:00:51",11.46,408,156.3,2024-10-16 14:00:51
"16/10/2024","14:15:51",11.46,408,140,2024-10-16 14:15:51
"16/10/2024","14:30:50",11.47,409,196.2,2024-10-16 14:30:50
"16/10/2024","14:45:51",11.48,409,268.4,2024-10-16 14:45:51
"16/10/2024","15:00:51",11.49,408,253.5,2024-10-16 15:00:51
"16/10/2024","15:15:51",11.52,408,276.5,2024-10-16 15:15:51
"16/10/2024","15:30:51",11.55,408,237,2024-10-16 15:30:51
"16/10/2024","15:45:51",11.57,408,323.6,2024-10-16 15:45:51
"16/10/2024","16:00:51",11.59,408,334.9,2024-10-16 16:00:51
"16/10/2024","16:15:51",11.6,409,415.3,2024-10-16 16:15:51
"16/10/2024","16:30:51",11.61,409,172.2,2024-10-16 16:30:51
"16/10/2024","16:45:51",11.61,409,304,2024-10-16 16:45:51
"16/10/2024","17:00:50",11.6,409,342.4,2024-10-16 17:00:50
"16/10/2024","17:15:51",11.6,409,264.7,2024-10-16 17:15:51
"16/10/2024","17:30:51",11.59,409,186.2,2024-10-16 17:30:51
"16/10/2024","17:45:51",11.58,409,354,2024-10-16 17:45:51
"16/10/2024","18:00:50",11.56,410,332.9,2024-10-16 18:00:50
"16/10/2024","18:15:50",11.54,410,257.7,2024-10-16 18:15:50
"16/10/2024","18:30:50",11.52,410,221.9,2024-10-16 18:30:50
"16/10/2024","18:45:51",11.49,410,201.2,2024-10-16 18:45:51
"16/10/2024","19:00:50",11.47,411,272.3,2024-10-16 19:00:50
"16/10/2024","19:15:50",11.44,411,236.8,2024-10-16 19:15:50
"16/10/2024","19:30:51",11.41,411,271.9,2024-10-16 19:30:51
"16/10/2024","19:45:50",11.38,411,269.1,2024-10-16 19:45:50
"16/10/2024","20:00:51",11.34,411,197.5,2024-10-16 20:00:51
"16/10/2024","20:15:51",11.31,412,199,2024-10-16 20:15:51
"16/10/2024","20:30:51",11.28,412,164.9,2024-10-16 20:30:51
"16/10/2024","20:45:51",11.25,412,149.2,2024-10-16 20:45:51
"16/10/2024","21:00:51",11.23,412,152.1,2024-10-16 21:00:51
"16/10/2024","21:15:51",11.2,413,196.6,2024-10-16 21:15:51
"16/10/2024","21:30:51",11.17,413,160.4,2024-10-16 21:30:51
"16/10/2024","21:45:51",11.15,413,175.2,2024-10-16 21:45:51
"16/10/2024","22:00:50",11.14,413,151.7,2024-10-16 22:00:50
"16/10/2024","22:15:50",11.13,413,160.9,2024-10-16 22:15:50
"16/10/2024","22:30:51",11.12,414,170.4,2024-10-16 22:30:51
"16/10/2024","22:45:51",11.11,414,227.5,2024-10-16 22:45:51
"16/10/2024","23:00:51",11.1,414,181.6,2024-10-16 23:00:51
"16/10/2024","23:15:51",11.1,414,181.9,2024-10-16 23:15:51
"16/10/2024","23:30:51",11.08,414,146.3,2024-10-16 23:30:51
"16/10/2024","23:45:51",11.07,415,214.5,2024-10-16 23:45:51
"17/10/2024","00:00:50",11.05,415,211,2024-10-17 00:00:50
"17/10/2024","00:15:50",11.04,415,216.3,2024-10-17 00:15:50
"17/10/2024","00:30:51",11.02,415,176.2,2024-10-17 00:30:51
"17/10/2024","00:45:51",10.99,415,180.8,2024-10-17 00:45:51
"17/10/2024","01:00:51",10.97,416,169.6,2024-10-17 01:00:51
"17/10/2024","01:15:51",10.95,416,194.8,2024-10-17 01:15:51
"17/10/2024","01:30:51",10.93,416,173.5,2024-10-17 01:30:51
"17/10/2024","01:45:51",10.9,416,189.2,2024-10-17 01:45:51
"17/10/2024","02:00:51",10.88,416,388.4,2024-10-17 02:00:51
"17/10/2024","02:15:50",10.85,416,212.6,2024-10-17 02:15:50
"17/10/2024","02:30:51",10.83,416,193.9,2024-10-17 02:30:51
"17/10/2024","02:45:51",10.8,416,171.6,2024-10-17 02:45:51
"17/10/2024","03:00:51",10.78,416,179.8,2024-10-17 03:00:51
"17/10/2024","03:15:51",10.76,416,251.1,2024-10-17 03:15:51
"17/10/2024","03:30:51",10.73,416,197.1,2024-10-17 03:30:51
"17/10/2024","03:45:51",10.71,416,215.8,2024-10-17 03:45:51
"17/10/2024","04:00:51",10.7,416,251.4,2024-10-17 04:00:51
"17/10/2024","04:15:51",10.69,416,350.6,2024-10-17 04:15:51
"17/10/2024","04:30:51",10.67,416,216.5,2024-10-17 04:30:51
"17/10/2024","04:45:51",10.68,416,333.1,2024-10-17 04:45:51
"17/10/2024","05:00:51",10.68,416,283.5,2024-10-17 05:00:51
"17/10/2024","05:15:50",10.69,416,296.5,2024-10-17 05:15:50
"17/10/2024","05:30:51",10.69,416,400,2024-10-17 05:30:51
"17/10/2024","05:45:51",10.68,416,280,2024-10-17 05:45:51
"17/10/2024","06:00:51",10.68,416,393.7,2024-10-17 06:00:51
"17/10/2024","06:15:51",10.68,416,505.1,2024-10-17 06:15:51
"17/10/2024","06:30:50",10.69,416,351.5,2024-10-17 06:30:50
"17/10/2024","06:45:51",10.69,416,384.4,2024-10-17 06:45:51
"17/10/2024","07:00:51",10.7,416,433.2,2024-10-17 07:00:51
"17/10/2024","07:15:51",10.71,416,438.1,2024-10-17 07:15:51
"17/10/2024","07:30:51",10.72,416,407,2024-10-17 07:30:51
"17/10/2024","07:45:51",10.73,416,487.1,2024-10-17 07:45:51
"17/10/2024","08:00:51",10.73,416,355.1,2024-10-17 08:00:51
"17/10/2024","08:15:51",10.73,416,367.4,2024-10-17 08:15:51
"17/10/2024","08:30:50",10.74,416,294.9,2024-10-17 08:30:50
"17/10/2024","08:45:50",10.75,416,377.8,2024-10-17 08:45:50
"17/10/2024","09:00:51",10.77,415,415.4,2024-10-17 09:00:51
"17/10/2024","09:15:50",10.78,414,410.4,2024-10-17 09:15:50
"17/10/2024","09:30:51",10.79,414,581.3,2024-10-17 09:30:51
"17/10/2024","09:45:51",10.8,413,482.3,2024-10-17 09:45:51
"17/10/2024","10:00:51",10.81,412,453,2024-10-17 10:00:51
"17/10/2024","10:15:51",10.83,413,474.1,2024-10-17 10:15:51
"17/10/2024","10:30:51",10.84,413,426.9,2024-10-17 10:30:51
"17/10/2024","10:45:51",10.87,413,470.2,2024-10-17 10:45:51
"17/10/2024","11:00:50",10.91,414,508.7,2024-10-17 11:00:50
"17/10/2024","11:15:51",10.94,414,482.8,2024-10-17 11:15:51
"17/10/2024","11:30:51",10.97,414,467.2,2024-10-17 11:30:51
"17/10/2024","11:45:51",10.99,414,375.9,2024-10-17 11:45:51
"17/10/2024","12:00:51",11.02,414,380.6,2024-10-17 12:00:51
"17/10/2024","12:15:51",11.04,414,242.3,2024-10-17 12:15:51
"17/10/2024","12:30:50",11.07,414,234.3,2024-10-17 12:30:50
"17/10/2024","12:45:51",11.1,414,130.1,2024-10-17 12:45:51
"17/10/2024","13:00:51",11.12,414,332.6,2024-10-17 13:00:51
"17/10/2024","13:15:51",11.17,413,293.7,2024-10-17 13:15:51
"17/10/2024","13:30:51",11.22,413,221.8,2024-10-17 13:30:51
"17/10/2024","13:45:50",11.3,413,249,2024-10-17 13:45:50
"17/10/2024","14:00:51",11.37,413,321.1,2024-10-17 14:00:51
"17/10/2024","14:15:51",11.49,413,100.2,2024-10-17 14:15:51
"17/10/2024","14:30:50",11.56,413,115.4,2024-10-17 14:30:50
"17/10/2024","14:45:50",11.6,413,141.6,2024-10-17 14:45:50
"17/10/2024","15:00:51",11.61,413,233.8,2024-10-17 15:00:51
"17/10/2024","15:15:51",11.62,413,205.9,2024-10-17 15:15:51
"17/10/2024","15:30:50",11.61,413,349.3,2024-10-17 15:30:50
"17/10/2024","15:45:50",11.61,413,314.5,2024-10-17 15:45:50
"17/10/2024","16:00:50",11.63,413,58.3,2024-10-17 16:00:50
"17/10/2024","16:15:51",11.65,413,161.4,2024-10-17 16:15:51
"17/10/2024","16:30:50",11.67,414,148.3,2024-10-17 16:30:50
"17/10/2024","16:45:51",11.67,414,123.8,2024-10-17 16:45:51
"17/10/2024","17:00:51",11.69,414,73,2024-10-17 17:00:51
"17/10/2024","17:15:50",11.69,415,34.7,2024-10-17 17:15:50
"17/10/2024","17:30:51",11.67,415,105.9,2024-10-17 17:30:51
"17/10/2024","17:45:50",11.65,415,62.6,2024-10-17 17:45:50
"17/10/2024","18:00:51",11.62,415,30.1,2024-10-17 18:00:51
"17/10/2024","18:15:51",11.59,415,107.8,2024-10-17 18:15:51
"17/10/2024","18:30:51",11.56,415,15.7,2024-10-17 18:30:51
"17/10/2024","18:45:51",11.54,416,23.5,2024-10-17 18:45:51
"17/10/2024","19:00:51",11.51,416,38.2,2024-10-17 19:00:51
"17/10/2024","19:15:51",11.49,416,49.8,2024-10-17 19:15:51
"17/10/2024","19:30:51",11.48,416,10.3,2024-10-17 19:30:51
"17/10/2024","19:45:51",11.46,416,8.9,2024-10-17 19:45:51
"17/10/2024","20:00:51",11.45,416,12.2,2024-10-17 20:00:51
"17/10/2024","20:15:51",11.42,416,12.1,2024-10-17 20:15:51
"17/10/2024","20:30:51",11.4,416,50.9,2024-10-17 20:30:51
"17/10/2024","20:45:51",11.37,416,14.5,2024-10-17 20:45:51
"17/10/2024","21:00:51",11.36,416,23.2,2024-10-17 21:00:51
"17/10/2024","21:15:51",11.34,416,39.4,2024-10-17 21:15:51
"17/10/2024","21:30:51",11.32,416,24.9,2024-10-17 21:30:51
"17/10/2024","21:45:51",11.3,417,22.2,2024-10-17 21:45:51
"17/10/2024","22:00:51",11.28,417,17.3,2024-10-17 22:00:51
"17/10/2024","22:15:51",11.26,417,24.1,2024-10-17 22:15:51
"17/10/2024","22:30:51",11.25,417,13.7,2024-10-17 22:30:51
"17/10/2024","22:45:51",11.24,417,22.8,2024-10-17 22:45:51
"17/10/2024","23:00:51",11.22,417,22.7,2024-10-17 23:00:51
"17/10/2024","23:15:51",11.21,417,11.4,2024-10-17 23:15:51
"17/10/2024","23:30:51",11.2,417,18.1,2024-10-17 23:30:51
"17/10/2024","23:45:51",11.18,417,12.3,2024-10-17 23:45:51
"18/10/2024","00:00:51",11.16,417,8.4,2024-10-18 00:00:51
"18/10/2024","00:15:51",11.14,418,8.7,2024-10-18 00:15:51
"18/10/2024","00:30:51",11.12,418,20,2024-10-18 00:30:51
"18/10/2024","00:45:51",11.11,418,14.5,2024-10-18 00:45:51
"18/10/2024","01:00:51",11.09,418,36.5,2024-10-18 01:00:51
"18/10/2024","01:15:50",11.07,418,22.3,2024-10-18 01:15:50
"18/10/2024","01:30:51",11.06,419,19.2,2024-10-18 01:30:51
"18/10/2024","01:45:51",11.05,419,38.3,2024-10-18 01:45:51
"18/10/2024","02:00:51",11.04,419,41.6,2024-10-18 02:00:51
"18/10/2024","02:15:51",11.03,419,9.7,2024-10-18 02:15:51
"18/10/2024","02:30:51",11.02,420,33.5,2024-10-18 02:30:51
"18/10/2024","02:45:51",11.01,420,14.1,2024-10-18 02:45:51
"18/10/2024","03:00:51",11,420,23.9,2024-10-18 03:00:51
"18/10/2024","03:15:51",10.98,420,13.1,2024-10-18 03:15:51
"18/10/2024","03:30:51",10.98,421,27.8,2024-10-18 03:30:51
"18/10/2024","03:45:50",10.98,421,24.5,2024-10-18 03:45:50
"18/10/2024","04:00:51",10.97,421,7.9,2024-10-18 04:00:51
"18/10/2024","04:15:51",10.97,421,38.2,2024-10-18 04:15:51
"18/10/2024","04:30:51",10.97,421,26.1,2024-10-18 04:30:51
"18/10/2024","04:45:51",10.97,421,17.4,2024-10-18 04:45:51
"18/10/2024","05:00:51",10.96,421,15.4,2024-10-18 05:00:51
"18/10/2024","05:15:51",10.95,421,15.1,2024-10-18 05:15:51
"18/10/2024","05:30:51",10.95,421,16.8,2024-10-18 05:30:51
"18/10/2024","05:45:51",10.95,421,12.8,2024-10-18 05:45:51
"18/10/2024","06:00:51",10.95,421,8.3,2024-10-18 06:00:51
"18/10/2024","06:15:51",10.95,421,14.1,2024-10-18 06:15:51
"18/10/2024","06:30:51",10.95,422,46.6,2024-10-18 06:30:51
"18/10/2024","06:45:51",10.96,422,8.2,2024-10-18 06:45:51
"18/10/2024","07:00:51",10.96,422,16,2024-10-18 07:00:51
"18/10/2024","07:15:51",10.97,422,60.7,2024-10-18 07:15:51
"18/10/2024","07:30:51",10.97,422,25.8,2024-10-18 07:30:51
"18/10/2024","07:45:51",10.98,423,20.5,2024-10-18 07:45:51
"18/10/2024","08:00:51",10.99,423,8.9,2024-10-18 08:00:51
"18/10/2024","08:15:51",10.99,423,20,2024-10-18 08:15:51
"18/10/2024","08:30:51",11,423,8,2024-10-18 08:30:51
"18/10/2024","08:45:51",11.01,423,22.2,2024-10-18 08:45:51
"18/10/2024","09:00:51",11.02,423,22.7,2024-10-18 09:00:51
"18/10/2024","09:15:51",11.03,423,41.2,2024-10-18 09:15:51
"18/10/2024","09:30:50",11.04,423,29.6,2024-10-18 09:30:50
"18/10/2024","09:45:51",11.06,423,28.3,2024-10-18 09:45:51
"18/10/2024","10:00:51",11.07,423,14.2,2024-10-18 10:00:51
"18/10/2024","10:15:51",11.08,423,42.3,2024-10-18 10:15:51
"18/10/2024","10:30:51",11.1,423,20.6,2024-10-18 10:30:51
"18/10/2024","10:45:51",11.13,423,26.7,2024-10-18 10:45:51
"18/10/2024","11:00:51",11.15,423,48,2024-10-18 11:00:51
"18/10/2024","11:15:50",11.18,424,28.4,2024-10-18 11:15:50
"18/10/2024","11:30:51",11.2,424,90,2024-10-18 11:30:51
"18/10/2024","11:45:51",11.23,423,24.2,2024-10-18 11:45:51
"18/10/2024","12:00:51",11.26,423,27.3,2024-10-18 12:00:51
"18/10/2024","12:15:51",11.29,423,52.4,2024-10-18 12:15:51
"18/10/2024","12:30:51",11.32,423,40,2024-10-18 12:30:51
"18/10/2024","12:45:51",11.34,423,109.1,2024-10-18 12:45:51
"18/10/2024","13:00:51",11.37,423,112.5,2024-10-18 13:00:51
"18/10/2024","13:15:51",11.4,423,123.7,2024-10-18 13:15:51
"18/10/2024","13:30:50",11.42,423,115.9,2024-10-18 13:30:50
"18/10/2024","13:45:51",11.45,421,60.4,2024-10-18 13:45:51
"18/10/2024","14:00:50",11.47,420,136.5,2024-10-18 14:00:50
"18/10/2024","14:15:51",11.49,420,90.5,2024-10-18 14:15:51
"18/10/2024","14:30:51",11.51,420,85.4,2024-10-18 14:30:51
"18/10/2024","14:45:50",11.52,419,56.7,2024-10-18 14:45:50
"18/10/2024","15:00:50",11.53,419,54.2,2024-10-18 15:00:50
"18/10/2024","15:15:50",11.55,417,118.1,2024-10-18 15:15:50
"18/10/2024","15:30:50",11.56,416,25.1,2024-10-18 15:30:50
"18/10/2024","15:45:51",11.57,415,15.1,2024-10-18 15:45:51
"18/10/2024","16:00:50",11.59,414,15.3,2024-10-18 16:00:50
"18/10/2024","16:15:51",11.61,413,23.3,2024-10-18 16:15:51
"18/10/2024","16:30:51",11.64,413,12.6,2024-10-18 16:30:51
"18/10/2024","16:45:50",11.66,413,25.8,2024-10-18 16:45:50
"18/10/2024","17:00:51",11.68,412,174.1,2024-10-18 17:00:51
"18/10/2024","17:15:50",11.69,412,83.1,2024-10-18 17:15:50
"18/10/2024","17:30:51",11.69,413,68.6,2024-10-18 17:30:51
"18/10/2024","17:45:51",11.68,413,226,2024-10-18 17:45:51
"18/10/2024","18:00:51",11.66,413,197.5,2024-10-18 18:00:51
"18/10/2024","18:15:51",11.65,413,250.1,2024-10-18 18:15:51
"18/10/2024","18:30:50",11.63,413,206.4,2024-10-18 18:30:50
"18/10/2024","18:45:51",11.62,412,211.4,2024-10-18 18:45:51
"18/10/2024","19:00:51",11.61,412,161.5,2024-10-18 19:00:51
"18/10/2024","19:15:51",11.6,412,127.7,2024-10-18 19:15:51
"18/10/2024","19:30:51",11.59,412,142.5,2024-10-18 19:30:51
"18/10/2024","19:45:50",11.58,411,245.4,2024-10-18 19:45:50
"18/10/2024","20:00:51",11.58,411,156.8,2024-10-18 20:00:51
"18/10/2024","20:15:51",11.58,410,175.2,2024-10-18 20:15:51
"18/10/2024","20:30:50",11.57,410,273.1,2024-10-18 20:30:50
"18/10/2024","20:45:51",11.56,410,267.3,2024-10-18 20:45:51
"18/10/2024","21:00:50",11.55,409,339.4,2024-10-18 21:00:50
"18/10/2024","21:15:51",11.54,409,298,2024-10-18 21:15:51
"18/10/2024","21:30:51",11.52,409,325.1,2024-10-18 21:30:51
"18/10/2024","21:45:51",11.49,409,293.6,2024-10-18 21:45:51
"18/10/2024","22:00:51",11.48,408,588.9,2024-10-18 22:00:51
"18/10/2024","22:15:51",11.46,408,342.7,2024-10-18 22:15:51
"18/10/2024","22:30:51",11.44,409,303.8,2024-10-18 22:30:51
"18/10/2024","22:45:51",11.42,409,461.3,2024-10-18 22:45:51
"18/10/2024","23:00:51",11.4,409,794.7,2024-10-18 23:00:51
"18/10/2024","23:15:51",11.4,410,180.5,2024-10-18 23:15:51
"18/10/2024","23:30:51",11.39,410,394.7,2024-10-18 23:30:51
"18/10/2024","23:45:51",11.39,411,332.8,2024-10-18 23:45:51
"19/10/2024","00:00:50",11.37,411,247.1,2024-10-19 00:00:50
"19/10/2024","00:15:51",11.35,412,16.9,2024-10-19 00:15:51
"19/10/2024","00:30:50",11.32,412,443.7,2024-10-19 00:30:50
"19/10/2024","00:45:51",11.3,415,216.3,2024-10-19 00:45:51
"19/10/2024","01:00:51",11.27,413,337,2024-10-19 01:00:51
"19/10/2024","01:15:51",11.25,414,147.1,2024-10-19 01:15:51
"19/10/2024","01:30:51",11.22,414,162.6,2024-10-19 01:30:51
"19/10/2024","01:45:51",11.19,415,202.3,2024-10-19 01:45:51
"19/10/2024","02:00:51",11.18,415,241.9,2024-10-19 02:00:51
"19/10/2024","02:15:51",11.17,416,162.6,2024-10-19 02:15:51
"19/10/2024","02:30:51",11.16,416,200.8,2024-10-19 02:30:51
"19/10/2024","02:45:51",11.14,416,116.7,2024-10-19 02:45:51
"19/10/2024","03:00:51",11.12,417,142.2,2024-10-19 03:00:51
"19/10/2024","03:15:51",11.1,417,252.8,2024-10-19 03:15:51
"19/10/2024","03:30:51",11.07,418,265.7,2024-10-19 03:30:51
"19/10/2024","03:45:51",11.05,418,250.6,2024-10-19 03:45:51
"19/10/2024","04:00:51",11.02,418,317.9,2024-10-19 04:00:51
"19/10/2024","04:15:51",11,419,240.9,2024-10-19 04:15:51
"19/10/2024","04:30:51",10.97,419,215.5,2024-10-19 04:30:51
"19/10/2024","04:45:51",10.94,421,350.1,2024-10-19 04:45:51
"19/10/2024","05:00:51",10.92,422,162.4,2024-10-19 05:00:51
"19/10/2024","05:15:51",10.9,421,88.8,2024-10-19 05:15:51
"19/10/2024","05:30:51",10.88,419,111,2024-10-19 05:30:51
"19/10/2024","05:45:51",10.85,422,619.7,2024-10-19 05:45:51
"19/10/2024","06:00:51",10.82,422,529.6,2024-10-19 06:00:51
"19/10/2024","06:15:51",10.8,422,217.8,2024-10-19 06:15:51
"19/10/2024","06:30:51",10.77,422,186.7,2024-10-19 06:30:51
"19/10/2024","06:45:51",10.74,422,579.6,2024-10-19 06:45:51
"19/10/2024","07:00:50",10.71,424,298.8,2024-10-19 07:00:50
"19/10/2024","07:15:51",10.68,424,121.2,2024-10-19 07:15:51
"19/10/2024","07:30:51",10.65,421,238,2024-10-19 07:30:51
"19/10/2024","07:45:51",10.63,422,69.7,2024-10-19 07:45:51
"19/10/2024","08:00:51",10.6,420,94.3,2024-10-19 08:00:51
"19/10/2024","08:15:51",10.57,420,529.7,2024-10-19 08:15:51
"19/10/2024","08:30:50",10.54,422,548.7,2024-10-19 08:30:50
"19/10/2024","08:45:50",10.52,422,487.5,2024-10-19 08:45:50
"19/10/2024","09:00:51",10.49,420,189.2,2024-10-19 09:00:51
"19/10/2024","09:15:51",10.47,420,142.5,2024-10-19 09:15:51
"19/10/2024","09:30:51",10.46,422,319.5,2024-10-19 09:30:51
"19/10/2024","09:45:51",10.46,422,258.3,2024-10-19 09:45:51
"19/10/2024","10:00:51",10.46,421,203,2024-10-19 10:00:51
"19/10/2024","10:15:51",10.47,421,213,2024-10-19 10:15:51
"19/10/2024","10:30:51",10.48,422,434.4,2024-10-19 10:30:51
"19/10/2024","10:45:51",10.5,422,374.2,2024-10-19 10:45:51
"19/10/2024","11:00:51",10.52,421,272.2,2024-10-19 11:00:51
"19/10/2024","11:15:51",10.55,422,313.9,2024-10-19 11:15:51
"19/10/2024","11:30:51",10.59,422,612,2024-10-19 11:30:51
"19/10/2024","11:45:51",10.64,421,173.7,2024-10-19 11:45:51
"19/10/2024","12:00:51",10.69,423,331.9,2024-10-19 12:00:51
"19/10/2024","12:15:50",10.74,424,440.1,2024-10-19 12:15:50
"19/10/2024","12:30:51",10.8,423,500.3,2024-10-19 12:30:51
"19/10/2024","12:45:51",10.85,420,430.4,2024-10-19 12:45:51
"19/10/2024","13:00:51",10.9,421,390.6,2024-10-19 13:00:51
"19/10/2024","13:15:51",10.95,421,232.9,2024-10-19 13:15:51
"19/10/2024","13:30:51",10.98,420,174.6,2024-10-19 13:30:51
"19/10/2024","13:45:51",11.02,420,194.1,2024-10-19 13:45:51
"19/10/2024","14:00:51",11.06,420,69.7,2024-10-19 14:00:51
"19/10/2024","14:15:51",11.09,420,80.1,2024-10-19 14:15:51
"19/10/2024","14:30:51",11.14,419,86.3,2024-10-19 14:30:51
"19/10/2024","14:45:51",11.19,419,221.8,2024-10-19 14:45:51
"19/10/2024","15:00:51",11.24,419,105.3,2024-10-19 15:00:51
"19/10/2024","15:15:51",11.27,419,126.7,2024-10-19 15:15:51
"19/10/2024","15:30:51",11.3,419,133.6,2024-10-19 15:30:51
"19/10/2024","15:45:51",11.32,419,101.9,2024-10-19 15:45:51
"19/10/2024","16:00:50",11.34,419,95,2024-10-19 16:00:50
"19/10/2024","16:15:51",11.36,419,265.6,2024-10-19 16:15:51
"19/10/2024","16:30:51",11.39,419,265.8,2024-10-19 16:30:51
"19/10/2024","16:45:51",11.4,419,84.7,2024-10-19 16:45:51
"19/10/2024","17:00:51",11.41,420,115.9,2024-10-19 17:00:51
"19/10/2024","17:15:51",11.42,420,128.7,2024-10-19 17:15:51
"19/10/2024","17:30:50",11.41,420,92,2024-10-19 17:30:50
"19/10/2024","17:45:50",11.4,421,88,2024-10-19 17:45:50
"19/10/2024","18:00:50",11.39,421,58.5,2024-10-19 18:00:50
"19/10/2024","18:15:51",11.38,422,59.3,2024-10-19 18:15:51
"19/10/2024","18:30:51",11.36,422,94.9,2024-10-19 18:30:51
"19/10/2024","18:45:51",11.34,423,71.7,2024-10-19 18:45:51
"19/10/2024","19:00:51",11.32,423,57.3,2024-10-19 19:00:51
"19/10/2024","19:15:51",11.3,424,106.5,2024-10-19 19:15:51
"19/10/2024","19:30:51",11.28,424,87.9,2024-10-19 19:30:51
"19/10/2024","19:45:51",11.26,425,121.7,2024-10-19 19:45:51
"19/10/2024","20:00:51",11.25,426,69.9,2024-10-19 20:00:51
"19/10/2024","20:15:51",11.23,426,87,2024-10-19 20:15:51
"19/10/2024","20:30:51",11.22,427,61.9,2024-10-19 20:30:51
"19/10/2024","20:45:51",11.2,427,49.8,2024-10-19 20:45:51
"19/10/2024","21:00:51",11.18,428,107.9,2024-10-19 21:00:51
"19/10/2024","21:15:51",11.16,428,150,2024-10-19 21:15:51
"19/10/2024","21:30:51",11.14,429,188.9,2024-10-19 21:30:51
"19/10/2024","21:45:51",11.12,429,171.8,2024-10-19 21:45:51
"19/10/2024","22:00:51",11.11,430,227.8,2024-10-19 22:00:51
"19/10/2024","22:15:51",11.09,430,245.3,2024-10-19 22:15:51
"19/10/2024","22:30:51",11.08,431,100.7,2024-10-19 22:30:51
"19/10/2024","22:45:51",11.06,431,103.8,2024-10-19 22:45:51
"19/10/2024","23:00:51",11.05,431,152.2,2024-10-19 23:00:51
"19/10/2024","23:15:51",11.04,432,130.5,2024-10-19 23:15:51
"19/10/2024","23:30:51",11.03,432,179.9,2024-10-19 23:30:51
"19/10/2024","23:45:51",11.01,433,79.7,2024-10-19 23:45:51
"20/10/2024","00:00:50",11,433,179.9,2024-10-20 00:00:50
"20/10/2024","00:15:51",10.99,434,240.9,2024-10-20 00:15:51
"20/10/2024","00:30:51",10.97,434,154.2,2024-10-20 00:30:51
"20/10/2024","00:45:51",10.96,434,165.5,2024-10-20 00:45:51
"20/10/2024","01:00:50",10.95,435,57.9,2024-10-20 01:00:50
"20/10/2024","01:15:51",10.95,435,168.4,2024-10-20 01:15:51
"20/10/2024","01:30:51",10.94,435,250.8,2024-10-20 01:30:51
"20/10/2024","01:45:51",10.93,435,211.4,2024-10-20 01:45:51
"20/10/2024","02:00:51",10.92,436,146.9,2024-10-20 02:00:51
"20/10/2024","02:15:51",10.91,436,180.4,2024-10-20 02:15:51
"20/10/2024","02:30:50",10.91,436,195.3,2024-10-20 02:30:50
"20/10/2024","02:45:50",10.9,436,167,2024-10-20 02:45:50
"20/10/2024","03:00:50",10.89,437,271.3,2024-10-20 03:00:50
"20/10/2024","03:15:51",10.89,437,246.1,2024-10-20 03:15:51
"20/10/2024","03:30:51",10.88,437,251,2024-10-20 03:30:51
"20/10/2024","03:45:51",10.86,437,190,2024-10-20 03:45:51
"20/10/2024","04:00:50",10.86,437,97.1,2024-10-20 04:00:50
"20/10/2024","04:15:51",10.85,437,284.8,2024-10-20 04:15:51
"20/10/2024","04:30:51",10.84,437,171.5,2024-10-20 04:30:51
"20/10/2024","04:45:51",10.84,437,162.1,2024-10-20 04:45:51
"20/10/2024","05:00:51",10.84,437,126.9,2024-10-20 05:00:51
"20/10/2024","05:15:51",10.84,437,48.2,2024-10-20 05:15:51
"20/10/2024","05:30:51",10.85,437,241.5,2024-10-20 05:30:51
"20/10/2024","05:45:51",10.85,437,165.5,2024-10-20 05:45:51
"20/10/2024","06:00:51",10.84,437,169.6,2024-10-20 06:00:51
"20/10/2024","06:15:51",10.84,437,191.4,2024-10-20 06:15:51
"20/10/2024","06:30:50",10.84,437,122.1,2024-10-20 06:30:50
"20/10/2024","06:45:51",10.85,437,101,2024-10-20 06:45:51
"20/10/2024","07:00:50",10.86,437,131.1,2024-10-20 07:00:50
"20/10/2024","07:15:50",10.87,437,107.6,2024-10-20 07:15:50
"20/10/2024","07:30:51",10.87,437,174,2024-10-20 07:30:51
"20/10/2024","07:45:51",10.87,437,203.6,2024-10-20 07:45:51
"20/10/2024","08:00:50",10.87,436,132.5,2024-10-20 08:00:50
"20/10/2024","08:15:51",10.86,436,87.3,2024-10-20 08:15:51
"20/10/2024","08:30:50",10.86,436,159.5,2024-10-20 08:30:50
"20/10/2024","08:45:51",10.85,436,89.6,2024-10-20 08:45:51
"20/10/2024","09:00:51",10.86,436,91.9,2024-10-20 09:00:51
"20/10/2024","09:15:51",10.86,436,123.7,2024-10-20 09:15:51
"20/10/2024","09:30:51",10.87,435,166.4,2024-10-20 09:30:51
"20/10/2024","09:45:51",10.88,435,157.5,2024-10-20 09:45:51
"20/10/2024","10:00:51",10.89,435,107.2,2024-10-20 10:00:51
"20/10/2024","10:15:51",10.91,434,75.7,2024-10-20 10:15:51
"20/10/2024","10:30:51",10.93,434,127.8,2024-10-20 10:30:51
"20/10/2024","10:45:50",10.96,434,75.8,2024-10-20 10:45:50
"20/10/2024","11:00:50",10.98,434,126.8,2024-10-20 11:00:50
"20/10/2024","11:15:50",11,434,72.8,2024-10-20 11:15:50
"20/10/2024","11:30:51",11.02,433,47.2,2024-10-20 11:30:51
"20/10/2024","11:45:51",11.05,433,45.5,2024-10-20 11:45:51
"20/10/2024","12:00:51",11.07,433,93.9,2024-10-20 12:00:51
"20/10/2024","12:15:51",11.08,433,72.5,2024-10-20 12:15:51
"20/10/2024","12:30:50",11.09,433,68.7,2024-10-20 12:30:50
"20/10/2024","12:45:51",11.11,433,96.1,2024-10-20 12:45:51
"20/10/2024","13:00:51",11.12,432,70.7,2024-10-20 13:00:51
"20/10/2024","13:15:51",11.12,432,43.2,2024-10-20 13:15:51
"20/10/2024","13:30:51",11.12,432,266.7,2024-10-20 13:30:51
"20/10/2024","13:45:51",11.11,432,290.2,2024-10-20 13:45:51
"20/10/2024","14:00:51",11.11,432,186,2024-10-20 14:00:51
"20/10/2024","14:15:51",11.11,432,154.8,2024-10-20 14:15:51
"20/10/2024","14:30:51",11.12,432,70.2,2024-10-20 14:30:51
"20/10/2024","14:45:51",11.12,432,78.9,2024-10-20 14:45:51
"20/10/2024","15:00:51",11.12,432,153.3,2024-10-20 15:00:51
"20/10/2024","15:15:51",11.13,432,22.8,2024-10-20 15:15:51
"20/10/2024","15:30:51",11.13,432,107.1,2024-10-20 15:30:51
"20/10/2024","15:45:51",11.13,432,70.6,2024-10-20 15:45:51
"20/10/2024","16:00:51",11.13,432,109.1,2024-10-20 16:00:51
"20/10/2024","16:15:50",11.13,432,96.5,2024-10-20 16:15:50
"20/10/2024","16:30:50",11.13,432,192,2024-10-20 16:30:50
"20/10/2024","16:45:51",11.13,432,174.3,2024-10-20 16:45:51
"20/10/2024","17:00:51",11.13,432,54.3,2024-10-20 17:00:51
"20/10/2024","17:15:51",11.13,432,139.8,2024-10-20 17:15:51
"20/10/2024","17:30:50",11.12,433,25.3,2024-10-20 17:30:50
"20/10/2024","17:45:51",11.12,433,101.1,2024-10-20 17:45:51
"20/10/2024","18:00:51",11.12,433,65.4,2024-10-20 18:00:51
"20/10/2024","18:15:51",11.11,433,74.1,2024-10-20 18:15:51
"20/10/2024","18:30:51",11.1,434,131.7,2024-10-20 18:30:51
"20/10/2024","18:45:51",11.09,434,59.6,2024-10-20 18:45:51
"20/10/2024","19:00:51",11.08,434,72.3,2024-10-20 19:00:51
"20/10/2024","19:15:51",11.07,435,143.9,2024-10-20 19:15:51
"20/10/2024","19:30:51",11.05,435,66.9,2024-10-20 19:30:51
"20/10/2024","19:45:51",11.04,435,90.8,2024-10-20 19:45:51
"20/10/2024","20:00:51",11.03,435,137.5,2024-10-20 20:00:51
"20/10/2024","20:15:51",11.02,435,99,2024-10-20 20:15:51
"20/10/2024","20:30:51",11.01,435,119.8,2024-10-20 20:30:51
"20/10/2024","20:45:51",11,435,87.6,2024-10-20 20:45:51
"20/10/2024","21:00:51",10.98,435,84.2,2024-10-20 21:00:51
"20/10/2024","21:15:51",10.98,435,107.7,2024-10-20 21:15:51
"20/10/2024","21:30:51",10.98,435,52.8,2024-10-20 21:30:51
"20/10/2024","21:45:51",10.98,435,338,2024-10-20 21:45:51
"20/10/2024","22:00:50",10.98,435,87.2,2024-10-20 22:00:50
"20/10/2024","22:15:51",10.97,435,82.8,2024-10-20 22:15:51
"20/10/2024","22:30:50",10.96,435,6.8,2024-10-20 22:30:50
"20/10/2024","22:45:50",10.96,436,55.1,2024-10-20 22:45:50
"20/10/2024","23:00:50",10.95,436,61.5,2024-10-20 23:00:50
"20/10/2024","23:15:51",10.94,436,189.3,2024-10-20 23:15:51
"20/10/2024","23:30:51",10.92,436,113.8,2024-10-20 23:30:51
"20/10/2024","23:45:51",10.91,436,69.3,2024-10-20 23:45:51
"21/10/2024","00:00:51",10.9,436,57,2024-10-21 00:00:51
"21/10/2024","00:15:51",10.88,436,51.2,2024-10-21 00:15:51
"21/10/2024","00:30:51",10.87,436,104.6,2024-10-21 00:30:51
"21/10/2024","00:45:51",10.85,436,49.8,2024-10-21 00:45:51
"21/10/2024","01:00:51",10.84,436,107.3,2024-10-21 01:00:51
"21/10/2024","01:15:51",10.83,436,119.6,2024-10-21 01:15:51
"21/10/2024","01:30:51",10.82,436,193.6,2024-10-21 01:30:51
"21/10/2024","01:45:51",10.81,436,13,2024-10-21 01:45:51
"21/10/2024","02:00:50",10.8,436,19.5,2024-10-21 02:00:50
"21/10/2024","02:15:51",10.78,437,21,2024-10-21 02:15:51
"21/10/2024","02:30:51",10.76,437,22.5,2024-10-21 02:30:51
"21/10/2024","02:45:50",10.74,437,21,2024-10-21 02:45:50
"21/10/2024","03:00:50",10.72,437,22.5,2024-10-21 03:00:50
"21/10/2024","03:15:50",10.7,438,24.5,2024-10-21 03:15:50
"21/10/2024","03:30:51",10.69,438,6.8,2024-10-21 03:30:51
"21/10/2024","03:45:50",10.67,439,9.4,2024-10-21 03:45:50
"21/10/2024","04:00:51",10.65,439,28.6,2024-10-21 04:00:51
"21/10/2024","04:15:51",10.64,440,21.6,2024-10-21 04:15:51
"21/10/2024","04:30:51",10.63,441,42.2,2024-10-21 04:30:51
"21/10/2024","04:45:51",10.61,441,23,2024-10-21 04:45:51
"21/10/2024","05:00:51",10.6,441,24.8,2024-10-21 05:00:51
"21/10/2024","05:15:51",10.58,442,13.3,2024-10-21 05:15:51
"21/10/2024","05:30:51",10.58,442,28.1,2024-10-21 05:30:51
"21/10/2024","05:45:51",10.56,442,17,2024-10-21 05:45:51
"21/10/2024","06:00:51",10.55,443,23.5,2024-10-21 06:00:51
"21/10/2024","06:15:51",10.53,443,19.5,2024-10-21 06:15:51
"21/10/2024","06:30:51",10.53,442,26.4,2024-10-21 06:30:51
"21/10/2024","06:45:50",10.52,442,24.4,2024-10-21 06:45:50
"21/10/2024","07:00:50",10.52,442,20,2024-10-21 07:00:50
"21/10/2024","07:15:51",10.5,442,19.5,2024-10-21 07:15:51
"21/10/2024","07:30:51",10.49,441,70.2,2024-10-21 07:30:51
"21/10/2024","07:45:51",10.48,440,35.8,2024-10-21 07:45:51
"21/10/2024","08:00:51",10.46,440,48.7,2024-10-21 08:00:51
"21/10/2024","08:15:51",10.44,439,406.6,2024-10-21 08:15:51
"21/10/2024","08:30:51",10.43,438,37,2024-10-21 08:30:51
"21/10/2024","08:45:51",10.42,437,169.6,2024-10-21 08:45:51
"21/10/2024","09:00:51",10.42,437,131.5,2024-10-21 09:00:51
"21/10/2024","09:15:50",10.42,436,269.7,2024-10-21 09:15:50
"21/10/2024","09:30:51",10.42,435,86.7,2024-10-21 09:30:51
"21/10/2024","09:45:51",10.43,434,185.1,2024-10-21 09:45:51
"21/10/2024","10:00:51",10.44,433,174.4,2024-10-21 10:00:51
"21/10/2024","10:15:50",10.44,432,99,2024-10-21 10:15:50
"21/10/2024","10:30:50",10.45,431,140.1,2024-10-21 10:30:50
"21/10/2024","10:45:51",10.46,430,186.2,2024-10-21 10:45:51
"21/10/2024","11:00:51",10.49,429,133.1,2024-10-21 11:00:51
"21/10/2024","11:15:51",10.51,428,313.4,2024-10-21 11:15:51
"21/10/2024","11:30:51",10.53,427,128.7,2024-10-21 11:30:51
"21/10/2024","11:45:51",10.55,427,138.4,2024-10-21 11:45:51
"21/10/2024","12:00:51",10.57,426,175,2024-10-21 12:00:51
"21/10/2024","12:15:51",10.61,425,175.7,2024-10-21 12:15:51
"21/10/2024","12:30:51",10.66,424,351.2,2024-10-21 12:30:51
"21/10/2024","12:45:51",10.72,424,134.9,2024-10-21 12:45:51
"21/10/2024","13:00:51",10.77,423,477.4,2024-10-21 13:00:51
"21/10/2024","13:15:51",10.81,423,52.3,2024-10-21 13:15:51
"21/10/2024","13:30:51",10.86,422,138.7,2024-10-21 13:30:51
"21/10/2024","13:45:51",10.88,421,202.9,2024-10-21 13:45:51
"21/10/2024","14:00:51",10.88,420,296.5,2024-10-21 14:00:51
"21/10/2024","14:15:51",10.9,419,130.6,2024-10-21 14:15:51
"21/10/2024","14:30:51",10.9,418,70.6,2024-10-21 14:30:51
"21/10/2024","14:45:51",10.92,417,371.7,2024-10-21 14:45:51
"21/10/2024","15:00:50",10.95,416,404.7,2024-10-21 15:00:50
"21/10/2024","15:15:50",10.97,414,316.8,2024-10-21 15:15:50
"21/10/2024","15:30:50",10.98,413,181.1,2024-10-21 15:30:50
"21/10/2024","15:45:51",10.98,413,149.5,2024-10-21 15:45:51
"21/10/2024","16:00:51",10.98,412,188.9,2024-10-21 16:00:51
"21/10/2024","16:15:51",10.97,411,116.1,2024-10-21 16:15:51
"21/10/2024","16:30:50",10.95,411,75.6,2024-10-21 16:30:50
"21/10/2024","16:45:51",10.95,410,116.5,2024-10-21 16:45:51
"21/10/2024","17:00:51",10.95,409,124.7,2024-10-21 17:00:51
"21/10/2024","17:15:51",10.96,409,113.7,2024-10-21 17:15:51
